source,description,description_clean,unit_clean,quantity,rate,material,grade,emission_factor,ef_unit,cci,cci_label,log_cci,split,cci_pred_linear_regression,cci_pred_decision_tree,cci_pred_random_forest,cci_pred_xgboost,cci_pred_svr
PA,up to 3.00m depth,up to 3 00m depth,m3,51888.74,131.0,concrete,M20,284.9,kgCO2e/m3,0.4598,has_cci,0.3782994400353948,train,0.4598000000000001,0.680728865531236,6.534009993952307,0.52694166,0.6134214672696472
PA,3.00m to 6.00m depth,3 00m to 6 00m depth,m3,51340.526,149.0,concrete,M20,284.9,kgCO2e/m3,0.523,has_cci,0.4206820739130248,train,0.540316369933517,0.680728865531236,5.771072874091394,0.53611016,0.6827744031315572
PA,6.00m to 9.00m depth,6 00m to 9 00m depth,m3,34269.227000000006,168.0,concrete,M20,284.9,kgCO2e/m3,0.5897,has_cci,0.463545319184689,train,0.5718284550234898,0.680728865531236,5.771072874091394,0.56349254,0.6977033136057007
PA,9.00m to 12.00m depth,9 00m to 12 00m depth,m3,6002.941,184.0,concrete,M20,284.9,kgCO2e/m3,0.6458,has_cci,0.4982265881894755,train,0.6457999999999893,0.680728865531236,6.3982566496926285,0.7584034,0.8194056595250898
PA,"Same as item No - 1.01 but for general excavation in Hard rock/ boulders (more than 1/2 Cum in size -Un-poclainable) by chiselling/ wedging to the required level & depth including all leads and lifts, using serviceable excavated material within plot at approved location , de-watering of both ground and surface water, removal of slurry generated while excavation and keeping the area free of water with necessary shoring, strutting, stepping, dressing, grading required  for keeping earth in position, excavating loose pockets and compacting them after back filling as directed etc. as per detailed specification and conforming to safety rules during progress of the work.  
Note:PCC area shall be considered for measurement (Working space & provision of slopes if required for execution shall not be paid separately. Mode of measurrement shall be by joint measurements/ levels before and after excavation).",same as item no 1 01 but for general excavation in hard rock boulders more than 1 2 cum in size un poclainable by chiselling wedging to the required level depth including all leads and lifts using serviceable excavated material within plot at approved location de watering of both ground and surface water removal of slurry generated while excavation and keeping the area free of water with necessary shoring strutting stepping dressing grading required for keeping earth in position excavating loose pockets and compacting them after back filling as directed etc as per detailed specification and conforming to safety rules during progress of the work note pcc area shall be considered for measurement working space provision of slopes if required for execution shall not be paid separately mode of measurrement shall be by joint measurements levels before and after excavation,m3,2374.61,3634.0,concrete,M20,284.9,kgCO2e/m3,12.7554,has_cci,2.621431474288137,train,12.755399999999964,15.557330015993504,14.07510566733211,12.279006,14.195971546797727
PA,"Excavation in all types of soil including dense soil, disintegrated/ weathered/ soft rock (Poclainable) for Footings of columns, Retaining walls, Core walls, catch pits, Lift pits, trenches for drains, etc., by mechanical means including manual excavation for leveling, dressing the edges, with all leads and lifts.Dewatering of both ground and surface water, removal of slurry generated while excavation and keeping the area free of water with necessary shoring, struting, required for keeping earth in position etc,  Rate to include disposing the excess earth and spreading in layers to the required levels within the site wherever specified . 
Note:PCC area shall be considered for measurement (Working space & provision of slopes if required for execution shall not be paid separately).",excavation in all types of soil including dense soil disintegrated weathered soft rock poclainable for footings of columns retaining walls core walls catch pits lift pits trenches for drains etc by mechanical means including manual excavation for leveling dressing the edges with all leads and lifts dewatering of both ground and surface water removal of slurry generated while excavation and keeping the area free of water with necessary shoring struting required for keeping earth in position etc rate to include disposing the excess earth and spreading in layers to the required levels within the site wherever specified note pcc area shall be considered for measurement working space provision of slopes if required for execution shall not be paid separately,m3,4890.156,213.0,concrete,M20,284.9,kgCO2e/m3,0.7476,has_cci,0.5582434180951438,train,0.7475999999999956,4.2256820112655005,9.864128892586239,0.860304,0.9313942300222224
PA,"Same as Item (1.02) but for excavation in Hard rock / boulders (more than 1/2 Cum in size -un poclainable) by chiseling/ wedging to required level for footings, trenches, rafts, catch pits, drains etc. to the required depth including all leads and lifts, using serviceable excavated material within plot at approved location as directed, dressing, grading, cleaning, excavating loose pockets and compacting them after backfilling as directed etc. as per detailed specification and conforming to safety rules of Authority during the progress of work.  
Note:PCC area shall be considered for measurement (Working space & provision of slopes if required for execution shall not be paid separately. Mode of measurrement shall be by joint measurements/ levels before and after excavation).",same as item 1 02 but for excavation in hard rock boulders more than 1 2 cum in size un poclainable by chiseling wedging to required level for footings trenches rafts catch pits drains etc to the required depth including all leads and lifts using serviceable excavated material within plot at approved location as directed dressing grading cleaning excavating loose pockets and compacting them after backfilling as directed etc as per detailed specification and conforming to safety rules of authority during the progress of work note pcc area shall be considered for measurement working space provision of slopes if required for execution shall not be paid separately mode of measurrement shall be by joint measurements levels before and after excavation,m3,81.75999999999999,3761.0,concrete,M20,284.9,kgCO2e/m3,13.2011,has_cci,2.6533194263957056,train,13.2011,15.557330015993504,16.20201430683649,13.352289,14.68962095444466
PA, With excavated earth available at site,with excavated earth available at site,m3,16746.92,135.0,concrete,M20,284.9,kgCO2e/m3,0.4739,has_cci,0.3879119488605752,train,0.47389999999999954,4.2256820112655005,15.779132265628661,0.88291466,0.6282403046055369
PA, With approved quality earth brought from outside (Cost to include royalty charges),with approved quality earth brought from outside cost to include royalty charges,m3,165.0,372.0,concrete,M20,284.9,kgCO2e/m3,1.3057,has_cci,0.8353843179804306,train,1.3057000000000332,0.680728865531236,13.854573639083746,1.8361018,1.5477588870127459
PA,"Providing and laying in position 150mm thick soling with sand cushion of 50mm thick including the cost of sandcushion, Base preparation by Mechanical compaction, using granite hand broken metal/ Rubble and smaller pebbles for void filling, moorum for binding as directed by the Engineer-in-charge including watering,packing, compaction etc., below Grade Slab",providing and laying in position thick soling with sand cushion of thick including the cost of sandcushion base preparation by mechanical compaction using granite hand broken metal rubble and smaller pebbles for void filling moorum for binding as directed by the engineer in charge including watering packing compaction etc below grade slab,m2,140.0,422.0,tile,,0.796,kgCO2e/kg,530.1508,has_cci,6.275045973390755,train,530.1508000000044,488.9752055736367,160.99322867437684,520.59985,479.75835528621434
PA,Basement - 3 (for Basement beyond Tower),basement 3 for basement beyond tower,m3,58.22518035039505,5822.0,concrete,M35,356.3,kgCO2e/m3,16.3402,has_cci,2.853027505311254,train,14.805729565668237,16.98439980815464,23.64303439119545,18.282984,18.162773480094582
PA,Basement 3,basement 3,m3,7.68,7559.0,concrete,M50,420.0,kgCO2e/m3,17.9976,has_cci,2.9443126553984555,train,19.43492083813518,17.9976,23.961693331606117,18.687536,19.50665422673232
PA,Basement 2,basement 2,m3,3.6,7559.0,concrete,M50,420.0,kgCO2e/m3,17.9976,has_cci,2.9443126553984555,train,20.095447465419532,17.9976,23.961693331606117,18.782053,19.992478105439332
PA,Club House Terrace,club house terrace,m3,90.0,5584.0,concrete,M25,301.8,kgCO2e/m3,18.5023,has_cci,2.970532407332247,train,22.5063158622177,18.58333165756022,23.001778206887433,19.236647,20.555797301491527
PA,Basement 1,basement 1,m3,1290.0,7559.0,concrete,M50,420.0,kgCO2e/m3,17.9976,has_cci,2.9443126553984555,train,14.905030864525846,17.9976,18.858734834273065,16.638483,16.188337840715402
PA,Ground Floor,ground floor,m3,63.375049609736735,7559.0,concrete,M50,420.0,kgCO2e/m3,17.9976,has_cci,2.9443126553984555,train,19.350613451542443,17.9976,23.422243463532922,20.137142,19.196475371431095
PA,First Floor,first floor,m3,443.65531757500025,5643.0,concrete,M30,331.2,kgCO2e/m3,17.038,has_cci,2.892480643743516,train,17.819353215356003,16.98439980815464,18.745469450867386,17.003841,18.93686733541961
PA,Second Floor,second floor,m3,450.8299925750002,5643.0,concrete,M30,331.2,kgCO2e/m3,17.038,has_cci,2.892480643743516,train,17.813133868752637,16.98439980815464,18.91719794220113,17.003841,18.937488643624278
PA,Third Floor,third floor,m3,450.8299925750002,5643.0,concrete,M30,331.2,kgCO2e/m3,17.038,has_cci,2.892480643743516,train,17.024770044538318,16.98439980815464,18.929710772346972,17.003841,18.929782058019427
PA,Fourth Floor,fourth floor,m3,450.8299925750002,5643.0,concrete,M30,331.2,kgCO2e/m3,17.038,has_cci,2.892480643743516,train,17.024770044538318,16.98439980815464,18.929710772346972,17.003841,18.929782058019427
PA,Fifth Floor,fifth floor,m3,450.8299925750002,5643.0,concrete,M30,331.2,kgCO2e/m3,17.038,has_cci,2.892480643743516,train,17.024770044538318,16.98439980815464,18.929710772346972,17.003841,18.929782058019427
PA,Sixth Floor,sixth floor,m3,450.8299925750002,5643.0,concrete,M30,331.2,kgCO2e/m3,17.038,has_cci,2.892480643743516,train,17.024770044538318,16.98439980815464,18.929710772346972,17.003841,18.929782058019427
PA,Seventh Floor,seventh floor,m3,450.8299925750002,5643.0,concrete,M30,331.2,kgCO2e/m3,17.038,has_cci,2.892480643743516,train,17.024770044538318,16.98439980815464,18.929710772346972,17.003841,18.929782058019427
PA,Eight Floor,eight floor,m3,450.8299925750002,5643.0,concrete,M30,331.2,kgCO2e/m3,17.038,has_cci,2.892480643743516,train,17.024770044538318,16.98439980815464,18.929710772346972,17.003841,18.929782058019427
PA,Ninth Floor,ninth floor,m3,450.8299925750002,5643.0,concrete,M30,331.2,kgCO2e/m3,17.038,has_cci,2.892480643743516,train,17.024770044538318,16.98439980815464,18.929710772346972,17.003841,18.929782058019427
PA,Tenth Floor,tenth floor,m3,450.8299925750002,5643.0,concrete,M30,331.2,kgCO2e/m3,17.038,has_cci,2.892480643743516,train,17.024770044538318,16.98439980815464,18.929710772346972,17.003841,18.929782058019427
PA,Eleventh Floor,eleventh floor,m3,459.3656650000001,5643.0,concrete,M30,331.2,kgCO2e/m3,17.038,has_cci,2.892480643743516,train,17.007877316904697,16.98439980815464,18.929337548487016,17.003841,18.9141567479444
PA,Twelfth Floor,twelfth floor,m3,459.3656650000001,5643.0,concrete,M30,331.2,kgCO2e/m3,17.038,has_cci,2.892480643743516,train,17.007877316904697,16.98439980815464,18.929337548487016,17.003841,18.9141567479444
PA,Thirteenth Floor,thirteenth floor,m3,459.3656650000001,5643.0,concrete,M30,331.2,kgCO2e/m3,17.038,has_cci,2.892480643743516,train,17.007877316904697,16.98439980815464,18.929337548487016,17.003841,18.9141567479444
PA,Fourteenth Floor,fourteenth floor,m3,459.3656650000001,5643.0,concrete,M30,331.2,kgCO2e/m3,17.038,has_cci,2.892480643743516,train,17.007877316904697,16.98439980815464,18.929337548487016,17.003841,18.9141567479444
PA,Fifteenth Floor,fifteenth floor,m3,459.3656650000001,5643.0,concrete,M30,331.2,kgCO2e/m3,17.038,has_cci,2.892480643743516,train,17.007877316904697,16.98439980815464,18.929337548487016,17.003841,18.9141567479444
PA,Sixteenth Floor,sixteenth floor,m3,459.3656650000001,5643.0,concrete,M30,331.2,kgCO2e/m3,17.038,has_cci,2.892480643743516,train,17.007877316904697,16.98439980815464,18.929337548487016,17.003841,18.9141567479444
PA,Seventeenth Floor,seventeenth floor,m3,459.3656650000001,5643.0,concrete,M30,331.2,kgCO2e/m3,17.038,has_cci,2.892480643743516,train,17.007877316904697,16.98439980815464,18.929337548487016,17.003841,18.9141567479444
PA,Eighteenth Floor,eighteenth floor,m3,510.3056650000001,5643.0,concrete,M30,331.2,kgCO2e/m3,17.038,has_cci,2.892480643743516,train,16.913442876377836,16.98439980815464,18.948537259715856,17.145536,18.8268531327617
PA,Nineteenth Floor,nineteenth floor,m3,459.3656650000001,5643.0,concrete,M30,331.2,kgCO2e/m3,17.038,has_cci,2.892480643743516,train,17.007877316904697,16.98439980815464,18.929337548487016,17.003841,18.9141567479444
PA,Twentieth Floor,twentieth floor,m3,459.3656650000001,5643.0,concrete,M30,331.2,kgCO2e/m3,17.038,has_cci,2.892480643743516,train,17.007877316904697,16.98439980815464,18.929337548487016,17.003841,18.9141567479444
PA,Twenty First Floor,twenty first floor,m3,459.3656650000001,5643.0,concrete,M30,331.2,kgCO2e/m3,17.038,has_cci,2.892480643743516,train,16.58434399569433,16.98439980815464,18.575217849005146,17.003841,18.058138362708
PA,Twenty Second Floor,twenty second floor,m3,459.3656650000001,5643.0,concrete,M30,331.2,kgCO2e/m3,17.038,has_cci,2.892480643743516,train,16.593783480679278,16.98439980815464,18.53525139475603,17.003841,18.07630659994928
PA,Twenty Third Floor,twenty third floor,m3,459.3656650000001,5643.0,concrete,M30,331.2,kgCO2e/m3,17.038,has_cci,2.892480643743516,train,17.125523529915515,16.98439980815464,18.5515207755904,17.003841,18.92762390129452
PA,Twenty Fourth Floor,twenty fourth floor,m3,459.3656650000001,5643.0,concrete,M30,331.2,kgCO2e/m3,17.038,has_cci,2.892480643743516,train,17.125523529915515,16.98439980815464,18.5515207755904,17.003841,18.92762390129452
PA,Twenty Fifth Floor,twenty fifth floor,m3,459.3656650000001,5643.0,concrete,M30,331.2,kgCO2e/m3,17.038,has_cci,2.892480643743516,train,17.125523529915515,16.98439980815464,18.5515207755904,17.003841,18.92762390129452
PA,Twenty Sixth Floor,twenty sixth floor,m3,459.3656650000001,5643.0,concrete,M30,331.2,kgCO2e/m3,17.038,has_cci,2.892480643743516,train,17.125523529915515,16.98439980815464,18.5515207755904,17.003841,18.92762390129452
PA,Twenty Seventh Floor,twenty seventh floor,m3,459.3656650000001,5643.0,concrete,M30,331.2,kgCO2e/m3,17.038,has_cci,2.892480643743516,train,17.125523529915515,16.98439980815464,18.5515207755904,17.003841,18.92762390129452
PA,Twenty Eighth Floor,twenty eighth floor,m3,510.3056650000001,5643.0,concrete,M30,331.2,kgCO2e/m3,17.038,has_cci,2.892480643743516,train,17.03047214525303,16.98439980815464,18.570356502170007,17.145536,18.84336879199922
PA,Twenty Ninth Floor,twenty ninth floor,m3,459.3656650000001,5643.0,concrete,M30,331.2,kgCO2e/m3,17.038,has_cci,2.892480643743516,train,17.125523529915515,16.98439980815464,18.5515207755904,17.003841,18.92762390129452
PA,Thirtyeth Floor,thirtyeth floor,m3,459.3656650000001,5643.0,concrete,M30,331.2,kgCO2e/m3,17.038,has_cci,2.892480643743516,train,17.007877316904697,16.98439980815464,18.929337548487016,17.003841,18.9141567479444
PA,Thirty First Floor,thirty first floor,m3,459.3656650000001,5643.0,concrete,M30,331.2,kgCO2e/m3,17.038,has_cci,2.892480643743516,train,16.605853442550185,16.98439980815464,18.595511482775198,17.003841,17.75279513412461
PA,Thirty Second Floor,thirty second floor,m3,459.3656650000001,5643.0,concrete,M30,331.2,kgCO2e/m3,17.038,has_cci,2.892480643743516,train,16.607684873874568,16.98439980815464,18.784651865879628,17.003841,17.76266249942601
PA,Thirty Three Floor,thirty three floor,m3,459.3656650000001,5643.0,concrete,M30,331.2,kgCO2e/m3,17.038,has_cci,2.892480643743516,train,17.594460968833825,16.98439980815464,18.784464976277736,17.003841,18.92798127599107
PA,Terrace,terrace,m3,465.0986700000001,5643.0,concrete,M30,331.2,kgCO2e/m3,17.038,has_cci,2.892480643743516,train,16.885679289336295,16.98439980815464,19.287691691641964,16.487106,17.46655494219548
PA,Above Terrace,above terrace,m3,331.61810125,5643.0,concrete,M30,331.2,kgCO2e/m3,17.038,has_cci,2.892480643743516,train,17.03800000000006,16.98439980815464,20.133148622790067,17.652481,18.94234298518414
PA,"Raft Foundation for Tower columns, Core walls, Retaining walls",raft foundation for tower columns core walls retaining walls,m3,10041.1333,5643.0,concrete,M30,331.2,kgCO2e/m3,17.038,has_cci,2.892480643743516,train,17.03800000000006,16.98439980815464,13.692169535324169,17.113028,15.320358853122883
PA,"Footings for Podium columns, Core walls, Retaining walls",footings for podium columns core walls retaining walls,m3,1565.1500716332378,5584.0,concrete,M25,301.8,kgCO2e/m3,18.5023,has_cci,2.970532407332247,train,18.502300000000083,18.502300000000005,14.013536989534467,18.265848,16.647761817323143
PA,"Grade slab of 250mm / 300 mm thickness, including the folds for catch basins, ramp drains or wherever specified at 4th Basement level. 
",grade slab of thickness including the folds for catch basins ramp drains or wherever specified at 4th basement level,m3,2037.5155802292263,5584.0,concrete,M25,301.8,kgCO2e/m3,18.5023,has_cci,2.970532407332247,train,6.32024714832752,18.502300000000005,15.836187357235541,16.985947,16.652205664917634
PA,Retaining walls - Grade M25,retaining walls grade m25,m3,1830.0,5584.0,concrete,M25,301.8,kgCO2e/m3,18.5023,has_cci,2.970532407332247,train,15.182127139933385,18.502300000000005,15.650816863751079,17.781025,16.654516713416648
PA,Ramp Beam - Grade M25,ramp beam grade m25,m3,69.0,5584.0,concrete,M25,301.8,kgCO2e/m3,18.5023,has_cci,2.970532407332247,train,24.988627027381117,18.58333165756022,21.111181964874177,17.6917,20.562657565432115
PA,Ramp slab - Grade M25,ramp slab grade m25,m3,160.0,5584.0,concrete,M25,301.8,kgCO2e/m3,18.5023,has_cci,2.970532407332247,train,19.181697195177314,18.58333165756022,19.348855770696925,16.954336,16.64389736833972
PA,RCC Parapet / upstand at all levels of specified thickness - Grade M25,rcc parapet upstand at all levels of specified thickness grade m25,m3,425.0,5584.0,concrete,M25,301.8,kgCO2e/m3,18.5023,has_cci,2.970532407332247,train,15.17849597427638,18.502300000000005,16.34634952776662,18.24568,16.791904867729905
PA,Bottom slab,bottom slab,m3,375.0,5643.0,concrete,M30,331.2,kgCO2e/m3,17.038,has_cci,2.892480643743516,train,15.633531641775729,16.98439980815464,20.562969267489432,17.032413,18.605815326076772
PA,Walls,walls,m3,250.0,5643.0,concrete,M30,331.2,kgCO2e/m3,17.038,has_cci,2.892480643743516,train,17.03799999999998,16.98439980815464,20.68538311021783,17.695248,18.935396329961733
PA,Top slab,top slab,m3,69.0,5643.0,concrete,M30,331.2,kgCO2e/m3,17.038,has_cci,2.892480643743516,train,17.03800000000006,16.98439980815464,23.532321382317907,16.725906,18.932915017326415
PA,Plat Form slab,plat form slab,m3,91.0,5643.0,concrete,M30,331.2,kgCO2e/m3,17.038,has_cci,2.892480643743516,train,17.03800000000001,16.98439980815464,22.5599643655303,16.731367,18.3530053910849
PA,Wall,wall,m3,58.5,5643.0,concrete,M30,331.2,kgCO2e/m3,17.038,has_cci,2.892480643743516,train,17.038000000000068,16.98439980815464,24.469030108277472,17.71528,18.941367470198184
PA,Staircase at all floors & heights,staircase at all floors heights,m3,167.36,5633.0,concrete,M25,301.8,kgCO2e/m3,18.6647,has_cci,2.9788251502372765,train,13.276443194940281,18.58333165756022,20.625351917239637,17.942514,16.80011929957621
PA,Chejjas / Lofts,chejjas lofts,m3,10.0,5633.0,concrete,M25,301.8,kgCO2e/m3,18.6647,has_cci,2.9788251502372765,train,40.79633456990521,18.58333165756022,24.631854433650403,19.537678,31.3436002239169
PA,RCC Brackets / Fins / Ledges at all levels,rcc brackets fins ledges at all levels,m3,10.0,5633.0,concrete,M25,301.8,kgCO2e/m3,18.6647,has_cci,2.9788251502372765,train,14.18742481899229,18.58333165756022,22.327473102137468,18.706785,16.801313361449644
PA,Electrical High Mast,electrical high mast,m3,15.0,5633.0,concrete,M25,301.8,kgCO2e/m3,18.6647,has_cci,2.9788251502372765,train,40.019040153751405,18.58333165756022,24.631854433650403,19.537678,30.81431645378864
PA,Bottom Slab,bottom slab,m3,141.11903999999998,5584.0,concrete,M25,301.8,kgCO2e/m3,18.5023,has_cci,2.970532407332247,train,20.148995593724855,18.58333165756022,21.492839033779813,18.514923,20.55135879364912
PA,RCC Walls,rcc walls,m3,205.48973066666665,5584.0,concrete,M25,301.8,kgCO2e/m3,18.5023,has_cci,2.970532407332247,train,18.502300000000005,18.502300000000005,20.46957911033527,18.724888,16.649476592748897
PA,Ground floor,ground floor,m3,1002.3976375000004,7559.0,concrete,M50,420.0,kgCO2e/m3,17.9976,has_cci,2.9443126553984555,train,16.734541841668577,17.9976,18.70485514374919,16.708595,17.35074164173792
PA,1F-5F,1f 5f,m3,5127.1991125,6093.0,concrete,M40,381.5,kgCO2e/m3,15.9712,has_cci,2.8315177897690686,train,17.353695457267754,16.98439980815464,18.85883665075498,14.732055,17.749674360187804
PA,6F-11F,6f 11f,m3,5890.765700000001,5822.0,concrete,M35,356.3,kgCO2e/m3,16.3402,has_cci,2.853027505311254,train,20.436090697291924,16.98439980815464,18.489498949722826,14.762781,19.39710277495147
PA,12F-Terrace,12f terrace,m3,19885.088355000004,5643.0,concrete,M30,331.2,kgCO2e/m3,17.038,has_cci,2.892480643743516,train,13.819658598205399,16.98439980815464,17.770108899471772,15.165997,15.109434995642061
PA,1F-Terrace,1f terrace,m3,4841.062117750001,5643.0,concrete,M30,331.2,kgCO2e/m3,17.038,has_cci,2.892480643743516,train,14.906540985801957,16.98439980815464,18.884723220706707,16.80189,15.933556807595252
PA,GF-Terrace,gf terrace,m3,875.9563529999997,5643.0,concrete,M30,331.2,kgCO2e/m3,17.038,has_cci,2.892480643743516,train,16.32817688369702,16.98439980815464,18.97585112381039,14.622919,17.031344666660463
PA,"Raft for columns, Core walls, Retaining walls",raft for columns core walls retaining walls,m2,4121.3078000000005,401.0,concrete,M30,66.24,kgCO2e/m2,6.0537,has_cci,1.9535523018479488,train,6.053700000000049,4.2256820112655005,24.053824271120636,6.8618445,6.792273207605695
PA,"Grade slab of 200mm thickness, including the folds for catch basins, ramp drains or wherever specified at 4th Basement level. ",grade slab of thickness including the folds for catch basins ramp drains or wherever specified at 4th basement level,m2,100.0,375.0,concrete,M30,66.24,kgCO2e/m2,5.6612,has_cci,1.896299648501979,train,16.746493817449977,15.557330015993504,27.273987599315987,6.600148,12.003129613460723
PA,Retaining walls,retaining walls,m2,13148.134,479.0,concrete,M30,66.24,kgCO2e/m2,7.2313,has_cci,2.1079439609025465,train,8.364171000639756,4.2256820112655005,30.707498636914174,7.240203,8.09514156856518
PA,Ramp Beam,ramp beam,m2,975.0,752.0,concrete,M30,24.84,kgCO2e/m2,30.2738,has_cci,3.442780686312298,train,24.34371118167212,55.04513775465463,67.27669326356133,29.002327,30.510276938440228
PA,Ramp slab,ramp slab,m2,965.0,665.0,concrete,M30,41.4,kgCO2e/m2,16.0628,has_cci,2.836900655208192,train,15.643183927604962,15.557330015993504,38.12805175020579,14.798012,17.854844225236594
PA,RCC Parapet / upstand at all levels of specified thickness,rcc parapet upstand at all levels of specified thickness,m2,4425.0,479.0,concrete,M30,24.84,kgCO2e/m2,19.2834,has_cci,3.009802817530773,train,22.96602944726033,17.86345653993157,44.173605773340064,19.443382,21.422524200333964
PA,Staircase at all floors & heights.,staircase at all floors heights,m2,1285.0,622.0,concrete,M30,24.84,kgCO2e/m2,25.0403,has_cci,3.2596453380113326,train,34.86850593090929,17.86345653993157,59.08759444335605,24.86869,34.626118254461005
PA,Lintels  ,lintels,m2,1255.0,686.0,concrete,M30,24.84,kgCO2e/m2,27.6167,has_cci,3.353990463497061,train,90.70305065702614,55.04513775465463,79.00665731789597,32.739784,128.60418941602322
PA,Chejjas/Lofts,chejjas lofts,m2,100.0,655.0,concrete,M30,24.84,kgCO2e/m2,26.3688,has_cci,3.3094036784670218,train,103.0464113085625,155.63811991501194,95.87984270254354,51.606472,144.76600603954375
PA,RCC Brackets/Fins/Ledges at all levels,rcc brackets fins ledges at all levels,m2,150.0,686.0,concrete,M30,24.84,kgCO2e/m2,27.6167,has_cci,3.353990463497061,train,36.05294526207591,17.86345653993157,53.42329661176308,24.45042,30.630675970040013
PA,"DG, Chillers, Pump & Transfo Foundations",dg chillers pump transfo foundations,m2,150.0,517.0,concrete,M30,24.84,kgCO2e/m2,20.8132,has_cci,3.082515291138263,train,26.25642282616841,155.63811991501194,90.61879363603578,24.41064,23.113380710671326
PA,For Terrace,for terrace,m2,4625.0,719.0,concrete,M20,21.3675,kgCO2e/m2,33.6492,has_cci,3.545274637346292,train,42.00723836660724,56.11664108872734,99.77578068802737,35.95581,57.723438298067094
PA,"Protective layer(Horizontal ) :  Providing & Laying M20 grade screed concrete to required slope admix with intergral waterproofing compound Conplast WL  of FOSROC make or Equivalent at the dosage of 125ml/bag of cement over waterproofing layer to a minimum thickness of 50mm as per site requirement, cost for labour charge. Treatment shall be provided from standard manufacturers like BASF, SIKA, FOSROC or equivalent.
",protective layer horizontal providing laying m20 grade screed concrete to required slope admix with intergral waterproofing compound conplast wl of fosroc make or equivalent at the dosage of 125ml bag of cement over waterproofing layer to a minimum thickness of as per site requirement cost for labour charge treatment shall be provided from standard manufacturers like basf sika fosroc or equivalent,m2,1420.0,727.0,concrete,M20,14.245,kgCO2e/m2,51.0355,has_cci,3.951926177960732,train,51.03549999999992,49.24401569346151,60.21677257941086,52.644257,46.09266293301558
PA,STP-Internal,stp internal,m2,3200.0,376.0,concrete,M20,21.3675,kgCO2e/m2,17.5968,has_cci,2.922989522907306,train,22.23740872561972,56.11664108872734,97.8734861333237,23.933596,19.555621691730035
PA,"Providing and laying vacuum dewatered flooring M20 Grade of 100mm thickness  laid and vibrated with double beam screed vibrator till  achieving optimum  compaction and leveling. The vibrated surface is then leveled using a straight edge. A system of lower mats & top mat is laid on the green concrete & this is attached to a vacuum pump to draw  out surplus water if any. The concrete is left to stiffen. When the base concrete has stiffened to the point, Floor Hardener is applied at an even application rate of between 5-7 Kg/Sqmt. The concrete shall be  further compacted and leveled using Power Floater followed by finishing as per the requirement using Power Trowel (excludes ramp area). The rate to include curing, protecting the concrete floor etc., complete. Grooves (4mm X10mm) shall be provided for a bay size of 4m X 4m & grooves and filling the grooves with Sealent (Colpor - 200 from Fosroc chemicals or Poly sulphide sealant (Pedilite / BASF or equivalent).. For Parking Area",providing and laying vacuum dewatered flooring m20 grade of thickness laid and vibrated with double beam screed vibrator till achieving optimum compaction and leveling the vibrated surface is then leveled using a straight edge a system of lower mats top mat is laid on the green concrete this is attached to a vacuum pump to draw out surplus water if any the concrete is left to stiffen when the base concrete has stiffened to the point floor hardener is applied at an even application rate of between 5 7 kg sqmt the concrete shall be further compacted and leveled using power floater followed by finishing as per the requirement using power trowel excludes ramp area the rate to include curing protecting the concrete floor etc complete grooves x10mm shall be provided for a bay size of 4m x 4m grooves and filling the grooves with sealent colpor 200 from fosroc chemicals or poly sulphide sealant pedilite basf or equivalent for parking area,m2,40141.2,761.0,concrete,M20,28.49,kgCO2e/m2,26.7111,has_cci,3.3218330549473265,train,26.71110000000019,4.2256820112655005,40.66256766943335,25.153955,29.61991843718078
PA,"Providing & laying M20 grade controlled cement concrete IPS flooring of  average 50mm thk IPS floor concrete (Broom Finish) with power floating using 12mm downsize aggregates laid in panels not exceeding 2.5 SMT in area laid to proper level/slope etc. Rate to include curing & protection etc complete., with all lead and lift and as directed Architect/Engineer in charge. including grooves of edge at the edge of the treads of size 5mm X 30mm.and grooves to be filled with polyurethane sealant.  - For Ramps",providing laying m20 grade controlled cement concrete ips flooring of average thk ips floor concrete broom finish with power floating using downsize aggregates laid in panels not exceeding 2 5 smt in area laid to proper level slope etc rate to include curing protection etc complete with all lead and lift and as directed architect engineer in charge including grooves of edge at the edge of the treads of size x and grooves to be filled with polyurethane sealant for ramps,m2,2262.0,415.0,concrete,M20,14.245,kgCO2e/m2,29.133,has_cci,3.4056209167219347,train,29.133000000000134,49.24401569346151,41.538019518356435,29.54065,32.31688253085411
PA,"Providing & laying minimum 75mm thick granolithic flooring laid in panels, with M15 grade concrete (20mm down aggregate) and top surface shall be finished with 1:1.5 granolithic mix base (1 cement: 1.5 parts granite chips 10mm and down) including laying in panels, consolidating, curing etc. complete.  The rate also to include finishing the top with mechanical float as per specifications and instructions. Measurements shall be considered as floor area only. ",providing laying minimum thick granolithic flooring laid in panels with m15 grade concrete down aggregate and top surface shall be finished with 1 1 5 granolithic mix base 1 cement 1 5 parts granite chips and down including laying in panels consolidating curing etc complete the rate also to include finishing the top with mechanical float as per specifications and instructions measurements shall be considered as floor area only,m2,1500.0,546.0,concrete,M15,20.1075,kgCO2e/m2,27.154,has_cci,3.3376894404057738,train,27.154000000000217,49.24401569346151,50.15973942385561,27.071577,30.116022498713292
PA,"Providing and laying Cement  Screed Concrete Flooring average of 50mm thick for the shaft over chequered plate of specified thickness in cement concrete 1:2:4 using 12mm and down graded aggregates to be finished,  includes compacting, curing, antiskid grooves,  etc., complete  with all leads and lifts at all levels, and as per the instructions of Engineer in Charge .(Chequered plate will be paid in relevant item)",providing and laying cement screed concrete flooring average of thick for the shaft over chequered plate of specified thickness in cement concrete 1 2 4 using and down graded aggregates to be finished includes compacting curing antiskid grooves etc complete with all leads and lifts at all levels and as per the instructions of engineer in charge chequered plate will be paid in relevant item,m2,968.0,258.0,concrete,M20,14.245,kgCO2e/m2,18.1116,has_cci,2.950295480545384,train,18.111600000000355,17.86345653993157,35.632368711730116,18.633072,20.12259225850832
PA,"Providing and fixing at parking wall to wall expansion joint Kantaflex model no. – WD-1 for 25mm in accordance with the Structural drawing and specifications. The system is proprietary design consisting of aluminum profiles. The expansion joint includes aluminum clip, aluminum cover plate and supporting isolated gasket for wall to wall condition. The cover plate snaps into the clip provided with isolated gasket on cover edges for better fitment on the wall with no slipping down tendency. The system should be fixed with appropriate anchors and fasteners and the exposed surface match the adjacent finishes. Aluminum to conform as per ASTM B221 for extrusion alloy 6063-T5.                                                                                                                                                     Cost to include drilling and fixing of extrusions using heavy duty anchor bolts, and sealing the joints capable of withstanding repeated extensions, compressions, and cyclic movement without lot of adhesion and resist deterioration by weathering, sunlight, ozone, water, salt water, oil, fuels, acids and most of the commonly used acids, etc., ",providing and fixing at parking wall to wall expansion joint kantaflex model no wd 1 for in accordance with the structural drawing and specifications the system is proprietary design consisting of aluminum profiles the expansion joint includes aluminum clip aluminum cover plate and supporting isolated gasket for wall to wall condition the cover plate snaps into the clip provided with isolated gasket on cover edges for better fitment on the wall with no slipping down tendency the system should be fixed with appropriate anchors and fasteners and the exposed surface match the adjacent finishes aluminum to conform as per astm b221 for extrusion alloy 6063 t5 cost to include drilling and fixing of extrusions using heavy duty anchor bolts and sealing the joints capable of withstanding repeated extensions compressions and cyclic movement without lot of adhesion and resist deterioration by weathering sunlight ozone water salt water oil fuels acids and most of the commonly used acids etc,m,75.0,3674.0,aluminium,,6.669,kgCO2e/kg,550.9072,has_cci,6.313379916201997,train,550.9071999999994,488.9752055736367,165.08656122810646,536.87604,498.41694972829555
PA,"Specification & scope of work same as above but for 115mm thk but in cement mortor 1:4 & by providing a concrete band of 75mm thick with 2nos. Tor 8 longitudinal bars and Tor 8 at 200c/c transverse reinforcement at every twelfth course with M15 grade concrete mix including shuttering etc complete. The rate is inclusive of cost for cutting, bending & placing of reinforcement steel with all leads and lifts.",specification scope of work same as above but for thk but in cement mortor 1 4 by providing a concrete band of thick with 2nos tor 8 longitudinal bars and tor 8 at 200c c transverse reinforcement at every twelfth course with m15 grade concrete mix including shuttering etc complete the rate is inclusive of cost for cutting bending placing of reinforcement steel with all leads and lifts,m2,15.0,1082.0,concrete,M15,30.8315,kgCO2e/m2,35.094,has_cci,3.5861266465391064,train,35.094000000000214,15.557330015993504,44.86887646244236,36.03784,38.871779376276514
PA,Lobby area,lobby area,m2,2012.581,128.0,plaster,,0.238,kgCO2e/kg,537.8151,has_cci,6.289372469384786,train,537.8151000000006,488.9752055736367,161.38536896299547,375.85248,486.4982413040501
PA,Coarse Putty Works for Balconies ceiling and walls,coarse putty works for balconies ceiling and walls,m2,15843.3671875,128.0,plaster,,0.238,kgCO2e/kg,537.8151,has_cci,6.289372469384786,train,537.815100000003,273.78752374919117,183.83389414792788,521.07367,486.56243498153293
PA,"Coarse Putty Works for Internal apartment ceiling, common area, staircase walls & ceilings",coarse putty works for internal apartment ceiling common area staircase walls ceilings,m2,84638.25,128.0,plaster,,0.238,kgCO2e/kg,537.8151,has_cci,6.289372469384786,train,537.8151000000045,273.78752374919117,175.2805286969591,469.29016,486.54591705645043
PA,"Providing & rendering 20mm thick sand faced cement plaster on all external block/RCC walls upto all heights consisting of min 12mm thick backing coat of CM 1:4 with addition of approved water proof compound at the rate of 2% by weight of cement & 8mm thick finishing coat using sponge in CM 1:6, including expansion grooves, drip mould, forming pattis, plaster surround, bands etc if any including curing, scaffolding at all levels. The work shall be true to plumb, line & level.",providing rendering thick sand faced cement plaster on all external block rcc walls upto all heights consisting of min thick backing coat of cm 1 4 with addition of approved water proof compound at the rate of 2 by weight of cement thick finishing coat using sponge in cm 1 6 including expansion grooves drip mould forming pattis plaster surround bands etc if any including curing scaffolding at all levels the work shall be true to plumb line level,m2,2763.0,526.0,concrete,M20,5.698,kgCO2e/m2,92.3131,has_cci,4.535960505285435,train,92.31310000000086,106.77679560089328,56.908276419727734,84.6473,83.4455125157158
PA,"Preparing the surface, Providing & applying Plastering to masonry wall, , 12mm thick in single coat to Service shafts, ducts,  etc.,  in CM 1:6 (1 cement: 6 fine sand) finish at all levels,  including  curing fixing of 150mm wide GI plaster mesh Ariptha or equivalent of approved make in the junctions of the masonry & RCC work wherever applicable as per manufacturer's specifications, plastering the mesh in CM 1:2,   The work shall include cost of materials, labour, curing, all lead and lifts at all levels, loading and unloading, scaffolding and all other incidental charges etc., complete and as directed by the Engineer-in-charge. ",preparing the surface providing applying plastering to masonry wall thick in single coat to service shafts ducts etc in cm 1 6 1 cement 6 fine sand finish at all levels including curing fixing of wide gi plaster mesh ariptha or equivalent of approved make in the junctions of the masonry rcc work wherever applicable as per manufacturer s specifications plastering the mesh in cm 1 2 the work shall include cost of materials labour curing all lead and lifts at all levels loading and unloading scaffolding and all other incidental charges etc complete and as directed by the engineer in charge,m2,2470.0,386.0,concrete,M20,3.4188,kgCO2e/m2,112.9051,has_cci,4.735365645570119,train,112.90510000000143,106.77679560089328,69.07587215988366,111.14047,102.09365820548858
PA,STP & UG Sump pump room,stp ug sump pump room,m2,425.0,415.0,concrete,M20,21.3675,kgCO2e/m2,19.422,has_cci,3.016612751133346,train,13.903005100921082,155.63811991501194,107.97549821864996,26.900583,17.47625689113434
PA,"Tandur Flooring - Cut to Size : Providing & fixing 18mm-20mm Tandur stone flooring laid over a minimum of 20mm thick CM 1:5 with edge chamfer, curing etc,. Complete.
Location: STP ( Tread, Riser, landing) ",tandur flooring cut to size providing fixing tandur stone flooring laid over a minimum of thick cm 1 5 with edge chamfer curing etc complete location stp tread riser landing,m2,40.0,1812.0,concrete,M20,5.698,kgCO2e/m2,318.0063,has_cci,5.765210851806132,train,318.00630000000416,236.7249828207393,117.1353440706333,269.81375,287.64698264850244
PA,For Refuge area,for refuge area,m2,2100.0,415.0,concrete,M20,21.3675,kgCO2e/m2,19.422,has_cci,3.016612751133346,train,19.422000000000143,55.04513775465463,105.03542257933229,23.570667,21.5664535658313
PA,Specification & scope of work same as above but for Toilet Counter with 20mm lipping,specification scope of work same as above but for toilet counter with lipping,m2,2582.0,6504.0,concrete,M20,21.3675,kgCO2e/m2,304.3875,has_cci,5.721581462018916,train,304.3874999999999,55.04513775465463,98.0204925129388,191.5963,275.4009684426191
PA,GL1 - 5.2 X 2.25,gl1 5 2 x 2 25,m2,365.89316400000007,5202.0,concrete,M20,21.3675,kgCO2e/m2,243.4538,has_cci,5.499026334005079,train,222.7334007586574,155.63811991501194,135.7817366474752,227.86485,221.86359234256594
PA,GL2 - 2.275 X 2.25,gl2 2 275 x 2 25,m2,59.73069375000001,5202.0,concrete,M20,21.3675,kgCO2e/m2,243.4538,has_cci,5.499026334005079,train,243.83067014968344,236.7249828207393,145.4087987573192,251.40584,239.54776807442894
PA,GL3 - 2.4 X 2.25,gl3 2 4 x 2 25,m2,110.902176,5202.0,concrete,M20,21.3675,kgCO2e/m2,243.4538,has_cci,5.499026334005079,train,236.44753021766516,155.63811991501194,143.04498631447274,237.56966,233.48197076913243
PA,GL4 - 6.075 X 2.25,gl4 6 075 x 2 25,m2,191.4007725,5202.0,concrete,M20,21.3675,kgCO2e/m2,243.4538,has_cci,5.499026334005079,train,230.08705124161065,155.63811991501194,138.22743496416442,227.71071,228.14953765614246
PA,GL5 - 2.2 X 2.25,gl5 2 2 x 2 25,m2,376.605306,5202.0,concrete,M20,21.3675,kgCO2e/m2,243.4538,has_cci,5.499026334005079,train,222.41104793598458,155.63811991501194,134.21609398223353,227.86485,221.58512252380294
PA,GL6 - 3.05 X 2.25,gl6 3 05 x 2 25,m2,3.203140500000001,5202.0,concrete,M20,21.3675,kgCO2e/m2,243.4538,has_cci,5.499026334005079,train,241.69958670868914,236.7249828207393,148.12697507631955,251.22862,220.22336094821657
PA,GL7 - 2.138 X 2.25,gl7 2 138 x 2 25,m2,8.98139592,5202.0,concrete,M20,21.3675,kgCO2e/m2,243.4538,has_cci,5.499026334005079,train,267.012720771683,236.7249828207393,146.87045679654398,254.62589,257.70693900132017
PA,GL8 - 2.425 X 2.25,gl8 2 425 x 2 25,m2,5.0935185,5202.0,concrete,M20,21.3675,kgCO2e/m2,243.4538,has_cci,5.499026334005079,train,273.72177499630266,236.7249828207393,146.87045679654398,254.22432,262.7076061423796
PA,GL9 - 8.85 X 2.25,gl9 8 85 x 2 25,m2,18.58871700000001,5202.0,concrete,M20,21.3675,kgCO2e/m2,243.4538,has_cci,5.499026334005079,train,306.5059555946712,236.7249828207393,149.03413502054588,255.23901,269.0964396956631
PA,GL10 - 3.062 X 2.25,gl10 3 062 x 2 25,m2,6.431486040000001,5202.0,concrete,M20,21.3675,kgCO2e/m2,243.4538,has_cci,5.499026334005079,train,271.003223995796,236.7249828207393,146.87045679654398,254.41766,260.69517444261425
PA,GL11 - 5.895 X 6.85,gl11 5 895 x 6 85,m2,99.94023405,5202.0,concrete,M20,21.3675,kgCO2e/m2,243.4538,has_cci,5.499026334005079,train,195.4447214610452,236.7249828207393,130.96645526377495,224.63649,220.10209162176645
PA,GL12 - 6.025 X 6.85,gl12 6 025 x 6 85,m2,102.14417475000002,5202.0,concrete,M20,21.3675,kgCO2e/m2,243.4538,has_cci,5.499026334005079,train,226.91836339893487,155.63811991501194,129.45361653267597,212.70526,220.22411237806008
PA,GL29 - 7.115 X 3.5,gl29 7 115 x 3 5,m2,32.735545800000004,5202.0,concrete,M20,21.3675,kgCO2e/m2,243.4538,has_cci,5.499026334005079,train,108.6828972437996,236.7249828207393,132.6613291627967,235.47089,167.86791035469307
PA,GL30 - 2.05 X 2.25,gl30 2 05 x 2 25,m2,2.1529305,5202.0,concrete,M20,21.3675,kgCO2e/m2,243.4538,has_cci,5.499026334005079,train,245.2206926053257,236.7249828207393,148.12697507631955,251.22862,222.05775931457828
PA,GL31 - 3.2X 3.5,gl31 3 2x 3 5,m2,7.361471999999999,5202.0,concrete,M20,21.3675,kgCO2e/m2,243.4538,has_cci,5.499026334005079,train,116.62238704969178,236.7249828207393,132.6613291627967,232.68605,178.55048821865338
PA,GL32 - 2.365 X 3.5,gl32 2 365 x 3 5,m2,5.440587900000001,5202.0,concrete,M20,21.3675,kgCO2e/m2,243.4538,has_cci,5.499026334005079,train,118.17062901819209,236.7249828207393,132.6613291627967,232.49557,180.58070070363698
PA,GL33 - 20.65 X 3.5,gl33 20 65 x 3 5,m2,47.50449900000001,5202.0,concrete,M20,21.3675,kgCO2e/m2,243.4538,has_cci,5.499026334005079,train,246.41610337831298,236.7249828207393,133.9782841153521,233.86371,223.84725536362404
PA,GL13 - 38.66 X 4.25,gl13 38 66 x 4 25,m2,328.67572199999995,5202.0,concrete,M20,21.3675,kgCO2e/m2,243.4538,has_cci,5.499026334005079,train,223.93556121362536,155.63811991501194,138.16640837857904,227.71071,222.89995106482846
PA,GL14 - 19.985 X 4.25,gl14 19 985 x 4 25,m2,84.95323725000002,5202.0,concrete,M20,21.3675,kgCO2e/m2,243.4538,has_cci,5.499026334005079,train,239.60684325961023,236.7249828207393,145.7995843614072,252.7249,236.09401356080988
PA,GL15 - 84.71 X 1.725,gl15 84 71 x 1 725,m2,146.15397495,5202.0,concrete,M20,21.3675,kgCO2e/m2,243.4538,has_cci,5.499026334005079,train,225.99081397276106,155.63811991501194,139.1519481807247,220.53717,220.1419617855015
PA,GL16 - 49.76 X 1.725,gl16 49 76 x 1 725,m2,85.8531672,5202.0,concrete,M20,21.3675,kgCO2e/m2,243.4538,has_cci,5.499026334005079,train,232.06689488288055,236.7249828207393,147.8580100959702,237.251,225.3472249645678
PA,GL17 - 65.055 X 1.725,gl17 65 055 x 1 725,m2,112.24231897500002,5202.0,concrete,M20,21.3675,kgCO2e/m2,243.4538,has_cci,5.499026334005079,train,243.45379999999957,155.63811991501194,143.90577979788597,220.90573,220.18802741715854
PA,GL18 - 24.28 X 1.725,gl18 24 28 x 1 725,m2,41.8913766,5202.0,concrete,M20,21.3675,kgCO2e/m2,243.4538,has_cci,5.499026334005079,train,240.45274057894702,236.7249828207393,150.44573686912946,242.02377,232.38888012681278
PA,GL19 - 5.215 X 1.725,gl19 5 215 x 1 725,m2,17.99534835,5202.0,concrete,M20,21.3675,kgCO2e/m2,243.4538,has_cci,5.499026334005079,train,250.50915051458406,236.7249828207393,150.44573686912946,239.38885,240.61025167845023
PA,GL20 - 34.79 X 1.725,gl20 34 79 x 1 725,m2,60.02475255,5202.0,concrete,M20,21.3675,kgCO2e/m2,243.4538,has_cci,5.499026334005079,train,236.22473035090954,236.7249828207393,148.4755416336899,235.23218,228.85945614774982
PA,GL21 - 19.775 X 1.725,gl21 19 775 x 1 725,m2,34.118697375,5202.0,concrete,M20,21.3675,kgCO2e/m2,243.4538,has_cci,5.499026334005079,train,242.88350993966472,236.7249828207393,150.44573686912946,242.02377,234.398601714154
PA,GL22 - 6.4 X 1.725,gl22 6 4 x 1 725,m2,11.042208,5202.0,concrete,M20,21.3675,kgCO2e/m2,243.4538,has_cci,5.499026334005079,train,256.31832829844836,236.7249828207393,150.44573686912946,239.16177,245.24641767387345
PA,GL23 - 10.905 X 1.725,gl23 10 905 x 1 725,m2,18.814887225,5202.0,concrete,M20,21.3675,kgCO2e/m2,243.4538,has_cci,5.499026334005079,train,249.97746673953694,236.7249828207393,150.44573686912946,241.50749,240.18176824391324
PA,GL24 - 6.49 X 1.725,gl24 6 49 x 1 725,m2,22.394978100000003,5202.0,concrete,M20,21.3675,kgCO2e/m2,243.4538,has_cci,5.499026334005079,train,247.8977308643738,236.7249828207393,150.44573686912946,241.50749,238.4990459647044
PA,GL25 - 9.025 X 1.725,gl25 9 025 x 1 725,m2,31.14247725000001,5202.0,concrete,M20,21.3675,kgCO2e/m2,243.4538,has_cci,5.499026334005079,train,259.90042389948553,236.7249828207393,150.44573686912946,242.02377,220.12736132192506
PA,GL26 - 8.58 X 1.725,gl26 8 58 x 1 725,m2,29.6069202,5202.0,concrete,M20,21.3675,kgCO2e/m2,243.4538,has_cci,5.499026334005079,train,244.56946895141988,236.7249828207393,150.44573686912946,242.02377,235.78413842786495
PA,GL27 (Refer drawing for dimensions),gl27 refer drawing for dimensions,m2,24.154830000000004,5202.0,concrete,M20,21.3675,kgCO2e/m2,243.4538,has_cci,5.499026334005079,train,243.45380000000108,236.7249828207393,133.49382717485906,238.04747,220.2412727259283
PA,GL28 - 20.65 X 1.88,gl28 20 65 x 1 88,m2,77.4529875,5202.0,concrete,M20,21.3675,kgCO2e/m2,243.4538,has_cci,5.499026334005079,train,240.52696416476644,236.7249828207393,132.54909805771337,228.68031,220.1916647671973
PA,"Providing, fabricating and fixing of suspended grid false ceiling  by using  7 mm thick Gypsum  board  of approved make with fine textured with  PVC laminated  of size 600mm x 600mm on  silhouette framing. Powder coated  Z angle of size 25 mm x 25mm  perimeter on the wall  with GI/ oxidised /anticorrosive/SS screws and intermediate  powder coated section size 15mm x 6 mm at 600 c/c both way with necessary  GI strips  supports from ceiling and as per drawing/approved sample and directions from EIC.",providing fabricating and fixing of suspended grid false ceiling by using thick gypsum board of approved make with fine textured with pvc laminated of size x on silhouette framing powder coated z angle of size x perimeter on the wall with gi oxidised anticorrosive ss screws and intermediate powder coated section size x at 600 c c both way with necessary gi strips supports from ceiling and as per drawing approved sample and directions from eic,m2,12239.949,930.0,paint,,2.152,kgCO2e/kg,432.1561,has_cci,6.071098171118205,train,432.1561000000037,273.78752374919117,174.4305685453233,422.5559,391.1123525706636
PA,"Providing and fixing of 12mm thk  Gypboard false ceiling   with Gypsteel© GI perimeter channels of size 0.55 mm thick ( having one flange of 20 mm and another flange of 30 mm and a web of 27 mm ) on ceiling, screw fixed to ceiling with the help of nylon sleeves and screws, at suitable  centre’s.  Then suspending Gypsteel® GI intermediate  channels of size 45 mm ( 0.9 mm thick with two flanges of 15 mm each ) from the soffit at required centre’s with Gypsteel® ceiling angle of width 25 mm x 10 mm x 0.55 mm thick fixed to soffit with GI cleat and steel expansion fasteners, thehorizontal projection supporting the cove lighting to be backed with proper supports as required for stability ), providing and fixing 12mm thick  GYP board ceiling over the Gyp steel network ( as per IS:2095 Part 1) is then screw fixed to ceiling section with 25 mm drywall screws at 230 mm centres. Rate to include providing necessary clips wherever required ,Screws ,drilling machine ,necessary 2 coats of putty and plastic emulsion painting of approved shade & make with suitable attachments, fixing details all as per the drawings and instructions trap doors,necessary cutting for light fixtures.",providing and fixing of thk gypboard false ceiling with gypsteel gi perimeter channels of size 0 thick having one flange of and another flange of and a web of on ceiling screw fixed to ceiling with the help of nylon sleeves and screws at suitable centre s then suspending gypsteel gi intermediate channels of size 0 thick with two flanges of each from the soffit at required centre s with gypsteel ceiling angle of width x x 0 thick fixed to soffit with gi cleat and steel expansion fasteners thehorizontal projection supporting the cove lighting to be backed with proper supports as required for stability providing and fixing thick gyp board ceiling over the gyp steel network as per is 2095 part 1 is then screw fixed to ceiling section with drywall screws at centres rate to include providing necessary clips wherever required screws drilling machine necessary 2 coats of putty and plastic emulsion painting of approved shade make with suitable attachments fixing details all as per the drawings and instructions trap doors necessary cutting for light fixtures,m2,15207.5,1120.0,paint,,2.152,kgCO2e/kg,520.4461,has_cci,6.25660591339456,train,520.4461000000111,273.78752374919117,197.08452334709187,492.12854,470.8518928271957
PA,"Supplying and fixing in position M.S.chequered plate 5mm thick  with necessary supports such as M.S. angles/M.S. flats including stiffeners to be placed on angle iron frame work. (Frame work, angles, stiffeners will be measured under relevant structural steel item). Rate shall include necessary scaffolding, making necessary cutouts for inserts, applying one coat of Zinc chromate/Phosphate primer and two coats of first quality synthetic enamel paint of approved make etc complete,as directed. AC Ledges",supplying and fixing in position m s chequered plate thick with necessary supports such as m s angles m s flats including stiffeners to be placed on angle iron frame work frame work angles stiffeners will be measured under relevant structural steel item rate shall include necessary scaffolding making necessary cutouts for inserts applying one coat of zinc chromate phosphate primer and two coats of first quality synthetic enamel paint of approved make etc complete as directed ac ledges,kg,170534.8345875,93.0,steel,Fe500,1.72,kgCO2e/kg,54.0698,has_cci,4.008601471526375,train,54.06980000000047,49.24401569346151,74.14269281450817,56.647976,48.834914814111016
PA,"Providing  and applying  plastic  emulsion  paint for interiors  walls with 2 coats of Birla white   wall   putty   +1  coat   of  w/b   primer   and   two  coats   of   emulsion   paint   of asian/berger/jotun make, for walls of approved  colour.  And preparing  the surface  by cleaning/sanding, filling  up  the  cracks  with  crack  filler,  erecting  and  dismantling  of scaffolding  as & when  it is required,  finishing  the surface  with roller  etc., complete. Note: Contractor  shall arrange  for his own scaffolding  materials,  ladders  etc., legs of the  ladders  shall  be  covered  properly  with  gunny  bags  so  that  floor  does  not  get damaged. Floor shall be properly covered with plastic sheets to avoid spillage of paint while  applying  etc.,  complete   with  all  leads  &  lifts  at  all  levels  complete  and  as per the instructions of the Engineer in charge.",providing and applying plastic emulsion paint for interiors walls with 2 coats of birla white wall putty 1 coat of w b primer and two coats of emulsion paint of asian berger jotun make for walls of approved colour and preparing the surface by cleaning sanding filling up the cracks with crack filler erecting and dismantling of scaffolding as when it is required finishing the surface with roller etc complete note contractor shall arrange for his own scaffolding materials ladders etc legs of the ladders shall be covered properly with gunny bags so that floor does not get damaged floor shall be properly covered with plastic sheets to avoid spillage of paint while applying etc complete with all leads lifts at all levels complete and as per the instructions of the engineer in charge,m2,340057.2729,157.0,paint,,2.152,kgCO2e/kg,72.9554,has_cci,4.303462208803182,train,72.95540000000122,106.77679560089328,72.54244807379617,72.793945,65.90775663892681
PA,Lobby area upto sill 1.2 m,lobby area upto sill 1 2 m,m2,2012.59,157.0,paint,,2.152,kgCO2e/kg,72.9554,has_cci,4.303462208803182,train,72.95540000000011,273.78752374919117,152.12374775234684,120.19236,80.73390736120705
PA,"Providing and applying Plastic emulsion paint for interior ceiling  with 2 coats of Birla white putty +1 coat of w/b primer and two coats of  emulsion paint of asian/berger/jotun make,  of approved colour.  And preparing the surface by cleaning/sanding, filling up the cracks with crack filler, erecting and dismantling of scaffolding as & when it is required, finishing the surface with roller etc., complete. Note: Contractor shall arrange for his own scaffolding materials, ladders etc., legs of the ladders shall be covered properly with gunny bags so that floor does not get damaged. Floor shall be properly covered with plastic sheets to avoid spillage of paint while applying etc., complete  with all leads & lifts at all levels complete and as directed by Engineer-in-charge. ",providing and applying plastic emulsion paint for interior ceiling with 2 coats of birla white putty 1 coat of w b primer and two coats of emulsion paint of asian berger jotun make of approved colour and preparing the surface by cleaning sanding filling up the cracks with crack filler erecting and dismantling of scaffolding as when it is required finishing the surface with roller etc complete note contractor shall arrange for his own scaffolding materials ladders etc legs of the ladders shall be covered properly with gunny bags so that floor does not get damaged floor shall be properly covered with plastic sheets to avoid spillage of paint while applying etc complete with all leads lifts at all levels complete and as directed by engineer in charge,m2,89284.68900000001,157.0,paint,,2.152,kgCO2e/kg,72.9554,has_cci,4.303462208803182,train,72.95540000000142,106.77679560089328,72.70946926662427,72.67328,65.90775625600084
PA,"Providing and applying 2 coats of whitewash of approved make, over RCC/sponge plastered surface etc., including preparing  the  surface  by  cleaning  the  cement  mortar, cement concrete, removing  the dust/dirt/oil/grease, sanding, filling up the dents, cracks, undulations with crack filler of approved make, erecting and dismantling of scaffolding, curing etc., complete with all leads & lifts at all levels complete and as directed by Engineer-in-charge.",providing and applying 2 coats of whitewash of approved make over rcc sponge plastered surface etc including preparing the surface by cleaning the cement mortar cement concrete removing the dust dirt oil grease sanding filling up the dents cracks undulations with crack filler of approved make erecting and dismantling of scaffolding curing etc complete with all leads lifts at all levels complete and as directed by engineer in charge,m2,132232.0,77.0,concrete,M20,21.3675,kgCO2e/m2,3.6036,has_cci,1.526838606112199,train,3.6036000000000685,17.86345653993157,27.504773167267533,4.9560075,4.087758022063292
PA,"Providing and applying 2 coats of Oil bound Distemper  of approved shade / colour / make over a  coat of w/b primer , The rate to include preparing the surface, required grinding, making good the surface,  scaffolding etc complete at all leads and lifts as per the instructions of the Engineer in charge.",providing and applying 2 coats of oil bound distemper of approved shade colour make over a coat of w b primer the rate to include preparing the surface required grinding making good the surface scaffolding etc complete at all leads and lifts as per the instructions of the engineer in charge,m2,54232.0,121.0,paint,,2.152,kgCO2e/kg,56.2268,has_cci,4.047022320127687,train,56.22679999999993,106.77679560089328,54.807709426314005,56.84444,50.78117600165615
PA,"Providing & applying 2 of Synthetic Enamle paint of approved make/shade with a coat of primer for Columns, Core walls & Retaining wall upto 1.2 mtr height. Rate includes surface preparation",providing applying 2 of synthetic enamle paint of approved make shade with a coat of primer for columns core walls retaining wall upto 1 height rate includes surface preparation,m2,2633.0,223.0,concrete,M20,56.98,kgCO2e/m2,3.9137,has_cci,1.5920272221743066,train,3.9137000000000777,4.2256820112655005,20.726409163650068,4.0000043,4.430662289247167
PA,"Providing  and applying  Weather  scheild external grade emulsion  paint of approved  color and make  to External  walls  and  after  plastered  surface  and finishing  with two coats  of primer,  and two  coats of paint including  cost of material,  labour,  scaffolding, making good the wall repairing the cracks with crack filler  etc., all complete  as  directed  by  the  Engineer   incharge.  Rate  to  include  application  at all heights  & levels,  surfaces  and textures.  Engineer  incharges'  approval  required  after each coat. Tenderer to submit sample to the Engineer incharges for approval. Paint material shall be anti fungus, anti flaky etc.",providing and applying weather scheild external grade emulsion paint of approved color and make to external walls and after plastered surface and finishing with two coats of primer and two coats of paint including cost of material labour scaffolding making good the wall repairing the cracks with crack filler etc all complete as directed by the engineer incharge rate to include application at all heights levels surfaces and textures engineer incharges approval required after each coat tenderer to submit sample to the engineer incharges for approval paint material shall be anti fungus anti flaky etc,m2,25036.44,226.0,paint,,2.152,kgCO2e/kg,105.0186,has_cci,4.663614550416822,train,105.01860000000062,106.77679560089328,92.0066818918817,103.35326,94.92906809281949
PA,Texture Paint- longer side/ For wall,texture paint longer side for wall,m2,40305.0,510.0,paint,,2.152,kgCO2e/kg,236.9888,has_cci,5.472223613740644,train,236.98879999999969,273.78752374919117,151.51589097059488,228.40111,214.36693669829094
PA,Texture Paint -Grc jaali / For GRC Jaali,texture paint grc jaali for grc jaali,m2,5573.0,510.0,paint,,2.152,kgCO2e/kg,236.9888,has_cci,5.472223613740644,train,236.98879999999926,273.78752374919117,155.8165764669118,232.81601,214.4277526775644
PA,Texture Paint - RCC Chajja / Elevation beam,texture paint rcc chajja elevation beam,m2,11172.0,510.0,concrete,M20,21.3675,kgCO2e/m2,23.868,has_cci,3.213581836407091,train,23.867999999999903,56.11664108872734,80.68165591186471,29.150682,26.487334588977223
PA,M50 Grade of concrete,m50 grade of concrete,m3,1248.43,283.71144,concrete,M50,420.0,kgCO2e/m3,0.6755,has_cci,0.516111628195228,train,0.7802982580442914,1.3505036968041444,5.138764628456101,1.2507918,0.9423690121861086
PA,M40 Grade of concrete,m40 grade of concrete,m3,6470.03,503.1459875000001,concrete,M40,381.5,kgCO2e/m3,1.3189,has_cci,0.8410929353082528,train,1.0874983499461468,1.3505036968041444,4.87278602118869,1.3889029,1.0981122873970723
PA,M35 Grade of concrete,m35 grade of concrete,m3,7499.23,514.5053425,concrete,M35,356.3,kgCO2e/m3,1.444,has_cci,0.8936360413093488,train,1.4370070917798605,1.3505036968041444,4.841385398057009,1.4096,1.2474612185178957
PA,M30 Grade of concrete,m30 grade of concrete,m3,31812.842236750013,510.3714374999999,concrete,M30,331.2,kgCO2e/m3,1.541,has_cci,0.932557704338027,train,1.6641373954132201,1.3505036968041444,5.025852166721338,1.3605771,1.3426000966400373
PA,M50 Grade of concrete - Over & above 2.05W Beam Qty,m50 grade of concrete over above 2 05w beam qty,m3,124.46,1689.34,concrete,M50,420.0,kgCO2e/m3,4.0222,has_cci,1.6138680847134157,train,1.1797079389210907,1.3505036968041444,6.3209028977639985,3.210453,1.4869944963882595
PA,M40 Grade of concrete - Over & above 2.05W Beam Qty,m40 grade of concrete over above 2 05w beam qty,m3,718.9,442.77,concrete,M40,381.5,kgCO2e/m3,1.1606,has_cci,0.7703859609007475,train,1.5427399186427229,1.3505036968041444,4.84385473654914,1.2184544,1.388310339013953
PA,M35 Grade of concrete - Over & above 2.05W Beam Qty,m35 grade of concrete over above 2 05w beam qty,m3,858.25,183.13,concrete,M35,356.3,kgCO2e/m3,0.514,has_cci,0.414755155015257,train,1.9641078636173877,1.3505036968041444,4.753470078048112,1.0637178,1.4042434498917857
PA,SD1 - 2.40m x 2.350m & SD1a - 2.40m x 2.25m,sd1 2 40m x 2 350m sd1a 2 40m x 2 25m,m2,5275.2,5178.0,concrete,M35,26.7225,kgCO2e/m2,193.7693,has_cci,5.271815781252704,train,84.34664271691311,56.11664108872734,81.44899396569085,134.60558,114.1517501210044
PA,W1- 2.4 x 2.25,w1 2 4 x 2 25,m2,11534.4,5178.0,concrete,M35,26.7225,kgCO2e/m2,193.7693,has_cci,5.271815781252704,train,187.66238964252673,56.11664108872734,96.13241073620677,150.65633,165.12046017440395
PA,W2- 1.8 x 1.2 for Staircase & FCR,w2 1 8 x 1 2 for staircase fcr,m2,80.68,5178.0,concrete,M35,26.7225,kgCO2e/m2,193.7693,has_cci,5.271815781252704,train,193.76929999999993,236.7249828207393,106.18359558245862,184.26115,175.2708440656243
PA,W3- 1.2 x 1.25-Kitchen& Utility,w3 1 2 x 1 25 kitchen utility,m2,751.5,5178.0,concrete,M35,26.7225,kgCO2e/m2,193.7693,has_cci,5.271815781252704,train,223.68956613835607,155.63811991501194,110.3412689948215,194.39702,214.18915303995445
PA,W4- 1.425 x 1.25 for Utility,w4 1 425 x 1 25 for utility,m2,406.125,5178.0,concrete,M35,26.7225,kgCO2e/m2,193.7693,has_cci,5.271815781252704,train,166.75207409321655,155.63811991501194,115.82924417645503,192.38385,175.15737096760003
PA,W8- 1.625 x 1.25- For Utility,w8 1 625 x 1 25 for utility,m2,197.031,5178.0,concrete,M35,26.7225,kgCO2e/m2,193.7693,has_cci,5.271815781252704,train,172.9198106293467,155.63811991501194,120.58565271831868,199.91821,180.43820166438178
PA,W6- 0.8 x 2.25-Bedroom,w6 0 8 x 2 25 bedroom,m2,660.6,5178.0,concrete,M35,26.7225,kgCO2e/m2,193.7693,has_cci,5.271815781252704,train,181.7329610202691,155.63811991501194,106.63010143615098,198.8634,175.2167172805073
PA,W6a - 0.8 x 1.25- Bedroom,w6a 0 8 x 1 25 bedroom,m2,135.0,5202.0,concrete,M35,26.7225,kgCO2e/m2,194.6674,has_cci,5.276416279023492,train,196.80565531685986,155.63811991501194,116.38971944613928,204.36102,185.37831066293768
PA,W6b - 0.7 x 1.25- Bedroom,w6b 0 7 x 1 25 bedroom,m2,57.75,5202.0,concrete,M35,26.7225,kgCO2e/m2,194.6674,has_cci,5.276416279023492,train,205.30124845390162,236.7249828207393,118.75442716333262,198.12265,190.8180912676317
PA,W7- 0.75 x 1.6m- Bedroom/Lobby(AC ledge Access Door),w7 0 75 x 1 6m bedroom lobby ac ledge access door,m2,456.0,5178.0,concrete,M35,26.7225,kgCO2e/m2,193.7693,has_cci,5.271815781252704,train,193.7692999999989,155.63811991501194,112.32417066635064,192.502,214.26866327397607
PA,W7a-0.75 x 1.85- Utility(AC Ledge Access Door),w7a 0 75 x 1 85 utility ac ledge access door,m2,188.7,5202.0,concrete,M35,26.7225,kgCO2e/m2,194.6674,has_cci,5.276416279023492,train,245.08012224989037,155.63811991501194,126.40776239055313,188.83418,215.30859833113013
PA,W7b-0.70 x 1.85- Utility(AC Ledge Access Door),w7b 0 70 x 1 85 utility ac ledge access door,m2,309.56,5202.0,concrete,M35,26.7225,kgCO2e/m2,194.6674,has_cci,5.276416279023492,train,199.20300744484643,155.63811991501194,122.35409669695169,188.45673,198.09438539373537
PA,W9- 0.7 x 1.6- Living/Dining(AC Ledge Access Door),w9 0 7 x 1 6 living dining ac ledge access door,m2,77.27999999999999,5178.0,concrete,M35,26.7225,kgCO2e/m2,193.7693,has_cci,5.271815781252704,train,156.2404375292654,236.7249828207393,118.66121087159992,186.25003,175.24842847201649
PA,V1- 0.9 x 0.75,v1 0 9 x 0 75,m2,532.58,5178.0,concrete,M35,26.7225,kgCO2e/m2,193.7693,has_cci,5.271815781252704,train,188.52753423270815,155.63811991501194,90.80761695279608,194.51277,177.83803730484965
PA,V2- 0.75 x 0.6,v2 0 75 x 0 6,m2,778.95,5178.0,concrete,M35,26.7225,kgCO2e/m2,193.7693,has_cci,5.271815781252704,train,184.95694304409525,155.63811991501194,90.91145904508393,172.76286,175.17400481053497
PA,W11(2.2X1.15),w11 2 2x1 15,m2,94.16,5178.0,concrete,M35,26.7225,kgCO2e/m2,193.7693,has_cci,5.271815781252704,train,103.36499902147436,236.7249828207393,99.30840134372612,182.71465,138.01650953567977
PA,W14(5.2x1.15),w14 5 2x1 15,m2,7.08,5178.0,concrete,M35,26.7225,kgCO2e/m2,193.7693,has_cci,5.271815781252704,train,117.09039184158215,236.7249828207393,104.00027020784674,187.66934,154.15735411992074
PA,Supply & laying of 50mm Thk Thermocoal between the layers of 250Micron LDPE sheet for thermal insulation of Raft concrete. Rate is also inclusive of apply of 1 coat of Fosroc curing compound over the raft before the placing of thermal insulation. Maintaining the thermal insulation over the period of 14 days such that covering is intact with raft.,supply laying of thk thermocoal between the layers of 250micron ldpe sheet for thermal insulation of raft concrete rate is also inclusive of apply of 1 coat of fosroc curing compound over the raft before the placing of thermal insulation maintaining the thermal insulation over the period of 14 days such that covering is intact with raft,m2,5700.0,170.0,insulation,,1.86,kgCO2e/kg,91.3978,has_cci,4.526103168840378,train,91.39779999999988,273.78752374919117,110.1119364090616,95.0631,82.61622098256318
PA,"Change in Specification:
Providing , placing and fixing in position 25mm board of supreme make -CAPCELL HD100  at all expansion joints and separation joints at all levels and wherever specified to the required sizes, shapes, etc., complete.",change in specification providing placing and fixing in position board of supreme make capcell hd100 at all expansion joints and separation joints at all levels and wherever specified to the required sizes shapes etc complete,m2,350.0,878.6,concrete,M35,26.7225,kgCO2e/m2,32.8787,has_cci,3.52278649832749,train,32.878700000000066,17.86345653993157,54.207427262765854,38.680412,36.44191710650132
PA,Providing & laying Plumbing Groove Packing with Cement Mortar 1:4 mixing. Rate shall remain intact for all width & depth of grooves for all levels. Location - Toilets & Utility.,providing laying plumbing groove packing with cement mortar 1 4 mixing rate shall remain intact for all width depth of grooves for all levels location toilets utility,m,38410.29,73.0,mortar,,0.208,kgCO2e/kg,350.9615,has_cci,5.863521794616216,train,350.96149999999886,273.78752374919117,108.32305230804207,360.1186,317.3253839770497
PA,2.4 M Length,2 4 m length,m2,1921.0,11624.635866736076,concrete,M10,17.46,kgCO2e/m2,665.7867,has_cci,6.502470204666917,train,648.959063265545,488.9752055736367,140.08949245513995,534.4966,602.2205020191249
PA,3.05 M Length,3 05 m length,m2,498.0,11926.745983935743,concrete,M10,17.46,kgCO2e/m2,683.0897,has_cci,6.528089049375284,train,683.0897000000027,488.9752055736367,147.6388884769426,613.4958,618.0660280281095
PA,3.35 M Length,3 35 m length,m2,547.0,11762.198354661792,concrete,M10,17.46,kgCO2e/m2,673.6654,has_cci,6.514216864267128,train,691.1326912651866,488.9752055736367,146.0364343210473,617.01294,633.7748845644542
PA,"Fire rated Intumescent/vermiculite paint( 2 Hrs Fire painting)
Supplying and applying light weight vermiculite gypsum/portland  cement based wet mix  spray to structural steel elements to get fire protected  up to 120 minutes , by certified applicator. Applied thickness to suit structural steel size and relevant Hp/A calculation. Subrate must be clean , dry and free from dust, or any other condition preventing good adhesion. Subrate shall be treated with adhesive key coat / primer  prior to spray application as required. The vermiculate spray material  used shall  pass all the the necessary testing criteria required foe fire rating as per the IBC/NBC/BS/AS/DIN/ASTM/  etc and shall be applied with necessary priming of the surface to get the attractive, monolithic, trovelled finish which  is durable and economical. The treated surface shall be with amonolithic spary with hydraulic set and trovelled finish  with no cracks or delamination's, no erosion,  no spalling etc and des not promote corrosion of steel . Rate to include  for scaffolding & all as directed by  consultant/EIC.     ",fire rated intumescent vermiculite paint 2 hrs fire painting supplying and applying light weight vermiculite gypsum portland cement based wet mix spray to structural steel elements to get fire protected up to 120 minutes by certified applicator applied thickness to suit structural steel size and relevant hp a calculation subrate must be clean dry and free from dust or any other condition preventing good adhesion subrate shall be treated with adhesive key coat primer prior to spray application as required the vermiculate spray material used shall pass all the the necessary testing criteria required foe fire rating as per the ibc nbc bs as din astm etc and shall be applied with necessary priming of the surface to get the attractive monolithic trovelled finish which is durable and economical the treated surface shall be with amonolithic spary with hydraulic set and trovelled finish with no cracks or delamination s no erosion no spalling etc and des not promote corrosion of steel rate to include for scaffolding all as directed by consultant eic,m2,5778.0,224.82506666666663,steel,Fe500,1.72,kgCO2e/kg,130.7122,has_cci,4.880619239234906,train,130.71220000000005,49.24401569346151,105.48233945215931,131.68217,118.1522979958855
PA,12mm Dia Rebar,dia rebar,nos,72.0,500.0,steel,Fe500,1.72,kgCO2e/kg,290.6977,has_cci,5.675717992029426,train,319.47649074415096,488.9752055736367,133.0468023664856,363.01422,316.74144002047234
PA,16mm Dia Rebar,dia rebar,nos,82.0,600.0,steel,Fe500,1.72,kgCO2e/kg,348.8372,has_cci,5.85746790341382,train,317.4218173928648,488.9752055736367,131.66053647483054,363.01422,315.6458741027413
PA,"Drilling of 280mm dia bore hole at all kinds of strata upto 12 mtr depth 1000mm c/c with specified deign spacing. Cost is inclusive of tools and tackles, complete as directed by EIC",drilling of dia bore hole at all kinds of strata upto depth c c with specified deign spacing cost is inclusive of tools and tackles complete as directed by eic,m,817.45,1028.5,paint,,2.152,kgCO2e/kg,477.9275,has_cci,6.171549228961553,train,477.92750000000086,106.77679560089328,123.77534842346415,448.12265,432.1640095614603
PA,Grouting of annular space of the micro pile using cement with non shrink adhesive etc.. (Including cost of Material).,grouting of annular space of the micro pile using cement with non shrink adhesive etc including cost of material,m,412.5,704.0,paint,,2.152,kgCO2e/kg,327.1375,has_cci,5.793432727858378,train,327.1375000000014,488.9752055736367,115.98174419490918,360.01718,295.7844318051384
PA,Laying of M-20 grade Concrete for Micro pile inside complete. Site Mix/RMC.,laying of m 20 grade concrete for micro pile inside complete site mix rmc,m3,25.05,7040.0,concrete,M20,284.9,kgCO2e/m3,24.7104,has_cci,3.246895579305352,train,24.710399999999986,15.557330015993504,19.51368168585244,19.12159,27.42086075204966
PA,Shortcrete:Providing and laying of 50mm thk shotcrete with 1:2:1 grout (as per IS 9012) by fastening 50x50x2.8 mm MS weld mesh with as specified in dwg etc… Complete as directed by the EIC,shortcrete providing and laying of thk shotcrete with 1 2 1 grout as per is 9012 by fastening 50x50x2 ms weld mesh with as specified in dwg etc complete as directed by the eic,m2,1821.51,1397.0,concrete,M20,14.245,kgCO2e/m2,98.0695,has_cci,4.595821624035693,train,98.06949999999954,55.04513775465463,96.82010767267094,100.31922,88.67750888230044
PA,Basement - 2 (for Basement beyond Tower),basement 2 for basement beyond tower,m3,405.0,5584.0,concrete,M25,301.8,kgCO2e/m3,18.5023,has_cci,2.970532407332247,train,19.427048050499636,18.502300000000005,20.185445716743306,17.893343,19.26128336131453
PA,Basement - 1 (for Basement beyond Tower),basement 1 for basement beyond tower,m3,405.0,5584.0,concrete,M25,301.8,kgCO2e/m3,18.5023,has_cci,2.970532407332247,train,19.427048050499636,18.502300000000005,20.185445716743306,17.893343,19.26128336131453
