source,description,description_clean,unit_clean,quantity,rate,material,grade,emission_factor,ef_unit,cci,cci_label,log_cci,cci_pred_lasso_regression,cci_pred_ridge_regression,cci_pred_decision_tree,cci_pred_random_forest,cci_pred_xgboost,cci_pred_svr,cci_pred_neural_network
PA,up to 3.00m depth,up to 3 00m depth,m3,51888.74,131.0,concrete,M20,284.9,kgCO2e/m3,0.4598,has_cci,0.37829944003539484,2.538916194285888,4.031342995729323,0.5368472443623828,3.233649425309655,0.50389516,0.6128097672228252,1.668503848639698
PA,3.00m to 6.00m depth,3 00m to 6 00m depth,m3,51340.526,149.0,concrete,M20,284.9,kgCO2e/m3,0.523,has_cci,0.4206820739130248,2.541572315755929,4.0344431407740755,0.5368472443623828,3.233649425309655,0.50389516,0.6129286040999666,1.669844100600915
PA,6.00m to 9.00m depth,6 00m to 9 00m depth,m3,34269.227000000006,168.0,concrete,M20,284.9,kgCO2e/m3,0.5897,has_cci,0.46354531918468905,2.6441549775206123,4.15385962744248,0.5368472443623828,3.2466888173844097,0.5312085,0.6191008121710215,1.7307064555631269
PA,9.00m to 12.00m depth,9 00m to 12 00m depth,m3,6002.941,184.0,concrete,M20,284.9,kgCO2e/m3,0.6458,has_cci,0.4982265881894755,3.1212933550821047,4.701705206945233,0.5368472443623828,4.005807943318788,0.40534222,0.6832189511729712,2.0517100225439147
PA,"Same as item No - 1.01 but for general excavation in Hard rock/ boulders (more than 1/2 Cum in size -Un-poclainable) by chiselling/ wedging to the required level & depth including all leads and lifts, using serviceable excavated material within plot at approved location , de-watering of both ground and surface water, removal of slurry generated while excavation and keeping the area free of water with necessary shoring, strutting, stepping, dressing, grading required  for keeping earth in position, excavating loose pockets and compacting them after back filling as directed etc. as per detailed specification and conforming to safety rules during progress of the work.  
Note:PCC area shall be considered for measurement (Working space & provision of slopes if required for execution shall not be paid separately. Mode of measurrement shall be by joint measurements/ levels before and after excavation).",same as item no 1 01 but for general excavation in hard rock boulders more than 1 2 cum in size un poclainable by chiselling wedging to the required level depth including all leads and lifts using serviceable excavated material within plot at approved location de watering of both ground and surface water removal of slurry generated while excavation and keeping the area free of water with necessary shoring strutting stepping dressing grading required for keeping earth in position excavating loose pockets and compacting them after back filling as directed etc as per detailed specification and conforming to safety rules during progress of the work note pcc area shall be considered for measurement working space provision of slopes if required for execution shall not be paid separately mode of measurrement shall be by joint measurements levels before and after excavation,m3,2374.61,3634.0,concrete,M20,284.9,kgCO2e/m3,12.7554,has_cci,2.621431474288137,10.87214604753836,14.041501836130665,7.1180527376787275,13.04735177805715,12.298221,14.19768569978656,12.861666973757558
PA,"Excavation in all types of soil including dense soil, disintegrated/ weathered/ soft rock (Poclainable) for Footings of columns, Retaining walls, Core walls, catch pits, Lift pits, trenches for drains, etc., by mechanical means including manual excavation for leveling, dressing the edges, with all leads and lifts.Dewatering of both ground and surface water, removal of slurry generated while excavation and keeping the area free of water with necessary shoring, struting, required for keeping earth in position etc,  Rate to include disposing the excess earth and spreading in layers to the required levels within the site wherever specified . 
Note:PCC area shall be considered for measurement (Working space & provision of slopes if required for execution shall not be paid separately).",excavation in all types of soil including dense soil disintegrated weathered soft rock poclainable for footings of columns retaining walls core walls catch pits lift pits trenches for drains etc by mechanical means including manual excavation for leveling dressing the edges with all leads and lifts dewatering of both ground and surface water removal of slurry generated while excavation and keeping the area free of water with necessary shoring struting required for keeping earth in position etc rate to include disposing the excess earth and spreading in layers to the required levels within the site wherever specified note pcc area shall be considered for measurement working space provision of slopes if required for execution shall not be paid separately,m3,4890.156,213.0,concrete,M20,284.9,kgCO2e/m3,0.7476,has_cci,0.5582434180951438,10.606610361352272,9.516056927723838,7.1180527376787275,9.424470720940814,1.1221008,0.9315320989228442,6.3325445437968755
PA,"Same as Item (1.02) but for excavation in Hard rock / boulders (more than 1/2 Cum in size -un poclainable) by chiseling/ wedging to required level for footings, trenches, rafts, catch pits, drains etc. to the required depth including all leads and lifts, using serviceable excavated material within plot at approved location as directed, dressing, grading, cleaning, excavating loose pockets and compacting them after backfilling as directed etc. as per detailed specification and conforming to safety rules of Authority during the progress of work.  
Note:PCC area shall be considered for measurement (Working space & provision of slopes if required for execution shall not be paid separately. Mode of measurrement shall be by joint measurements/ levels before and after excavation).",same as item 1 02 but for excavation in hard rock boulders more than 1 2 cum in size un poclainable by chiseling wedging to required level for footings trenches rafts catch pits drains etc to the required depth including all leads and lifts using serviceable excavated material within plot at approved location as directed dressing grading cleaning excavating loose pockets and compacting them after backfilling as directed etc as per detailed specification and conforming to safety rules of authority during the progress of work note pcc area shall be considered for measurement working space provision of slopes if required for execution shall not be paid separately mode of measurrement shall be by joint measurements levels before and after excavation,m3,81.75999999999999,3761.0,concrete,M20,284.9,kgCO2e/m3,13.2011,has_cci,2.6533194263957056,13.545313481429666,21.24592381550571,7.1180527376787275,14.882449178487867,14.912335,14.688569555641642,18.684249448653212
PA, With excavated earth available at site,with excavated earth available at site,m3,16746.92,135.0,concrete,M20,284.9,kgCO2e/m3,0.4739,has_cci,0.3879119488605752,5.658115407682665,6.147894650120495,0.5368472443623828,8.393139067406539,1.2499278,0.6289188278701119,2.221482648210144
PA, With approved quality earth brought from outside (Cost to include royalty charges),with approved quality earth brought from outside cost to include royalty charges,m3,165.0,372.0,concrete,M20,284.9,kgCO2e/m3,1.3057,has_cci,0.8353843179804306,4.669202676213176,4.012900121175255,7.1180527376787275,8.361879678949663,1.8139391,1.5470421863215313,1.7033047442200013
PA,"Providing and laying in position 150mm thick soling with sand cushion of 50mm thick including the cost of sandcushion, Base preparation by Mechanical compaction, using granite hand broken metal/ Rubble and smaller pebbles for void filling, moorum for binding as directed by the Engineer-in-charge including watering,packing, compaction etc., below Grade Slab",providing and laying in position thick soling with sand cushion of thick including the cost of sandcushion base preparation by mechanical compaction using granite hand broken metal rubble and smaller pebbles for void filling moorum for binding as directed by the engineer in charge including watering packing compaction etc below grade slab,m2,140.0,422.0,tile,,17.512,kgCO2e/m2,24.0978,has_cci,3.2227801928939144,106.21237922231462,59.86471866234784,26.3980573252259,38.33336110912159,29.44168,26.740709319999528,31.649506022642242
PA,Basement - 3 (for Basement beyond Tower),basement 3 for basement beyond tower,m3,58.22518035039505,5822.0,concrete,M35,356.3,kgCO2e/m3,16.3402,has_cci,2.853027505311254,21.300698114043858,23.680372493790642,17.081086773155,20.97598259230951,20.789549,18.312125735285196,14.787236259008566
PA,Basement 3,basement 3,m3,7.68,7559.0,concrete,M50,420.0,kgCO2e/m3,17.9976,has_cci,2.9443126553984555,21.78933416923802,23.573645166716027,17.081086773155,19.167811788085533,20.27553,17.527053337307652,19.259461000818458
PA,Basement 2,basement 2,m3,3.6,7559.0,concrete,M50,420.0,kgCO2e/m3,17.9976,has_cci,2.9443126553984555,22.834775031648814,24.495434886390818,17.081086773155,19.06386384661372,20.36508,17.76433118361902,20.101863832084202
PA,Club House Terrace,club house terrace,m3,90.0,5584.0,concrete,M25,301.8,kgCO2e/m3,18.5023,has_cci,2.970532407332247,22.34214974329459,28.080091094527216,18.54547507036142,19.0550323227034,20.049788,19.950023964464332,26.389651404229433
PA,Basement 1,basement 1,m3,1290.0,7559.0,concrete,M50,420.0,kgCO2e/m3,17.9976,has_cci,2.9443126553984555,15.00574852622437,17.385719409440956,17.081086773155,16.836876060025492,17.201904,16.190193699478495,13.725184918108944
PA,Ground Floor,ground floor,m3,63.375049609736735,7559.0,concrete,M50,420.0,kgCO2e/m3,17.9976,has_cci,2.9443126553984555,18.781632156032238,16.869344070473662,17.081086773155,19.04622550831179,20.343544,16.359166561299517,14.354217544556583
PA,First Floor,first floor,m3,443.65531757500025,5643.0,concrete,M30,331.2,kgCO2e/m3,17.038,has_cci,2.892480643743516,19.089664173593246,19.383658241190187,17.081086773155,17.01347580981509,16.93101,18.928067388140548,17.59942143941731
PA,Second Floor,second floor,m3,450.8299925750002,5643.0,concrete,M30,331.2,kgCO2e/m3,17.038,has_cci,2.892480643743516,19.066962008457047,19.364744812478744,17.081086773155,17.01347580981509,16.93101,18.927441994581965,17.579125805084555
PA,Third Floor,third floor,m3,450.8299925750002,5643.0,concrete,M30,331.2,kgCO2e/m3,17.038,has_cci,2.892480643743516,19.066962008457047,19.364744812478744,17.081086773155,17.01347580981509,16.93101,18.927441994581965,17.579125805084555
PA,Fourth Floor,fourth floor,m3,450.8299925750002,5643.0,concrete,M30,331.2,kgCO2e/m3,17.038,has_cci,2.892480643743516,19.066962008457047,19.364744812478744,17.081086773155,17.01347580981509,16.93101,18.927441994581965,17.579125805084555
PA,Fifth Floor,fifth floor,m3,450.8299925750002,5643.0,concrete,M30,331.2,kgCO2e/m3,17.038,has_cci,2.892480643743516,19.066962008457047,19.364744812478744,17.081086773155,17.01347580981509,16.93101,18.927441994581965,17.579125805084555
PA,Sixth Floor,sixth floor,m3,450.8299925750002,5643.0,concrete,M30,331.2,kgCO2e/m3,17.038,has_cci,2.892480643743516,19.066962008457047,19.364744812478744,17.081086773155,17.01347580981509,16.93101,18.927441994581965,17.579125805084555
PA,Seventh Floor,seventh floor,m3,450.8299925750002,5643.0,concrete,M30,331.2,kgCO2e/m3,17.038,has_cci,2.892480643743516,19.066962008457047,19.364744812478744,17.081086773155,17.01347580981509,16.93101,18.927441994581965,17.579125805084555
PA,Eight Floor,eight floor,m3,450.8299925750002,5643.0,concrete,M30,331.2,kgCO2e/m3,17.038,has_cci,2.892480643743516,19.066962008457047,19.364744812478744,17.081086773155,17.01347580981509,16.93101,18.927441994581965,17.579125805084555
PA,Ninth Floor,ninth floor,m3,450.8299925750002,5643.0,concrete,M30,331.2,kgCO2e/m3,17.038,has_cci,2.892480643743516,19.066962008457047,19.364744812478744,17.081086773155,17.01347580981509,16.93101,18.927441994581965,17.579125805084555
PA,Tenth Floor,tenth floor,m3,450.8299925750002,5643.0,concrete,M30,331.2,kgCO2e/m3,17.038,has_cci,2.892480643743516,19.066962008457047,19.364744812478744,17.081086773155,17.01347580981509,16.93101,18.927441994581965,17.579125805084555
PA,Eleventh Floor,eleventh floor,m3,459.3656650000001,5643.0,concrete,M30,331.2,kgCO2e/m3,17.038,has_cci,2.892480643743516,19.040450845487186,19.342653216449197,17.081086773155,17.00654572357458,16.93101,18.926723795313006,17.555423944031148
PA,Twelfth Floor,twelfth floor,m3,459.3656650000001,5643.0,concrete,M30,331.2,kgCO2e/m3,17.038,has_cci,2.892480643743516,19.040450845487186,19.342653216449197,17.081086773155,17.00654572357458,16.93101,18.926723795313006,17.555423944031148
PA,Thirteenth Floor,thirteenth floor,m3,459.3656650000001,5643.0,concrete,M30,331.2,kgCO2e/m3,17.038,has_cci,2.892480643743516,19.040450845487186,19.342653216449197,17.081086773155,17.00654572357458,16.93101,18.926723795313006,17.555423944031148
PA,Fourteenth Floor,fourteenth floor,m3,459.3656650000001,5643.0,concrete,M30,331.2,kgCO2e/m3,17.038,has_cci,2.892480643743516,19.040450845487186,19.342653216449197,17.081086773155,17.00654572357458,16.93101,18.926723795313006,17.555423944031148
PA,Fifteenth Floor,fifteenth floor,m3,459.3656650000001,5643.0,concrete,M30,331.2,kgCO2e/m3,17.038,has_cci,2.892480643743516,19.040450845487186,19.342653216449197,17.081086773155,17.00654572357458,16.93101,18.926723795313006,17.555423944031148
PA,Sixteenth Floor,sixteenth floor,m3,459.3656650000001,5643.0,concrete,M30,331.2,kgCO2e/m3,17.038,has_cci,2.892480643743516,19.040450845487186,19.342653216449197,17.081086773155,17.00654572357458,16.93101,18.926723795313006,17.555423944031148
PA,Seventeenth Floor,seventeenth floor,m3,459.3656650000001,5643.0,concrete,M30,331.2,kgCO2e/m3,17.038,has_cci,2.892480643743516,19.040450845487186,19.342653216449197,17.081086773155,17.00654572357458,16.93101,18.926723795313006,17.555423944031148
PA,Eighteenth Floor,eighteenth floor,m3,510.3056650000001,5643.0,concrete,M30,331.2,kgCO2e/m3,17.038,has_cci,2.892480643743516,18.892434940939292,19.219216063918683,17.081086773155,17.022176741416086,17.924622,18.922956671254187,17.423072944344565
PA,Nineteenth Floor,nineteenth floor,m3,459.3656650000001,5643.0,concrete,M30,331.2,kgCO2e/m3,17.038,has_cci,2.892480643743516,19.040450845487186,19.342653216449197,17.081086773155,17.00654572357458,16.93101,18.926723795313006,17.555423944031148
PA,Twentieth Floor,twentieth floor,m3,459.3656650000001,5643.0,concrete,M30,331.2,kgCO2e/m3,17.038,has_cci,2.892480643743516,19.040450845487186,19.342653216449197,17.081086773155,17.00654572357458,16.93101,18.926723795313006,17.555423944031148
PA,Twenty First Floor,twenty first floor,m3,459.3656650000001,5643.0,concrete,M30,331.2,kgCO2e/m3,17.038,has_cci,2.892480643743516,19.040450845487186,19.342653216449197,17.081086773155,17.00654572357458,16.93101,18.926723795313006,17.555423944031148
PA,Twenty Second Floor,twenty second floor,m3,459.3656650000001,5643.0,concrete,M30,331.2,kgCO2e/m3,17.038,has_cci,2.892480643743516,19.040450845487186,19.342653216449197,17.081086773155,17.00654572357458,16.93101,18.926723795313006,17.555423944031148
PA,Twenty Third Floor,twenty third floor,m3,459.3656650000001,5643.0,concrete,M30,331.2,kgCO2e/m3,17.038,has_cci,2.892480643743516,19.040450845487186,19.342653216449197,17.081086773155,17.00654572357458,16.93101,18.926723795313006,17.555423944031148
PA,Twenty Fourth Floor,twenty fourth floor,m3,459.3656650000001,5643.0,concrete,M30,331.2,kgCO2e/m3,17.038,has_cci,2.892480643743516,19.040450845487186,19.342653216449197,17.081086773155,17.00654572357458,16.93101,18.926723795313006,17.555423944031148
PA,Twenty Fifth Floor,twenty fifth floor,m3,459.3656650000001,5643.0,concrete,M30,331.2,kgCO2e/m3,17.038,has_cci,2.892480643743516,19.040450845487186,19.342653216449197,17.081086773155,17.00654572357458,16.93101,18.926723795313006,17.555423944031148
PA,Twenty Sixth Floor,twenty sixth floor,m3,459.3656650000001,5643.0,concrete,M30,331.2,kgCO2e/m3,17.038,has_cci,2.892480643743516,19.040450845487186,19.342653216449197,17.081086773155,17.00654572357458,16.93101,18.926723795313006,17.555423944031148
PA,Twenty Seventh Floor,twenty seventh floor,m3,459.3656650000001,5643.0,concrete,M30,331.2,kgCO2e/m3,17.038,has_cci,2.892480643743516,19.040450845487186,19.342653216449197,17.081086773155,17.00654572357458,16.93101,18.926723795313006,17.555423944031148
PA,Twenty Eighth Floor,twenty eighth floor,m3,510.3056650000001,5643.0,concrete,M30,331.2,kgCO2e/m3,17.038,has_cci,2.892480643743516,18.892434940939292,19.219216063918683,17.081086773155,17.022176741416086,17.924622,18.922956671254187,17.423072944344565
PA,Twenty Ninth Floor,twenty ninth floor,m3,459.3656650000001,5643.0,concrete,M30,331.2,kgCO2e/m3,17.038,has_cci,2.892480643743516,19.040450845487186,19.342653216449197,17.081086773155,17.00654572357458,16.93101,18.926723795313006,17.555423944031148
PA,Thirtyeth Floor,thirtyeth floor,m3,459.3656650000001,5643.0,concrete,M30,331.2,kgCO2e/m3,17.038,has_cci,2.892480643743516,19.040450845487186,19.342653216449197,17.081086773155,17.00654572357458,16.93101,18.926723795313006,17.555423944031148
PA,Thirty First Floor,thirty first floor,m3,459.3656650000001,5643.0,concrete,M30,331.2,kgCO2e/m3,17.038,has_cci,2.892480643743516,19.040450845487186,19.342653216449197,17.081086773155,17.00654572357458,16.93101,18.926723795313006,17.555423944031148
PA,Thirty Second Floor,thirty second floor,m3,459.3656650000001,5643.0,concrete,M30,331.2,kgCO2e/m3,17.038,has_cci,2.892480643743516,19.040450845487186,19.342653216449197,17.081086773155,17.00654572357458,16.93101,18.926723795313006,17.555423944031148
PA,Thirty Three Floor,thirty three floor,m3,459.3656650000001,5643.0,concrete,M30,331.2,kgCO2e/m3,17.038,has_cci,2.892480643743516,19.040450845487186,19.342653216449197,17.081086773155,17.00654572357458,16.93101,18.926723795313006,17.555423944031148
PA,Terrace,terrace,m3,465.0986700000001,5643.0,concrete,M30,331.2,kgCO2e/m3,17.038,has_cci,2.892480643743516,19.022938327450174,23.887978744223314,17.081086773155,16.806964200369382,17.163183,18.32723266151548,21.27347731960024
PA,Above Terrace,above terrace,m3,331.61810125,5643.0,concrete,M30,331.2,kgCO2e/m3,17.038,has_cci,2.892480643743516,19.505889682139795,24.37977488845307,17.081086773155,17.556621703664543,17.281952,18.41670167703529,21.7920206559627
PA,"Raft Foundation for Tower columns, Core walls, Retaining walls",raft foundation for tower columns core walls retaining walls,m3,10041.1333,5643.0,concrete,M30,331.2,kgCO2e/m3,17.038,has_cci,2.892480643743516,7.45593716232573,9.605998075437007,4.42191781726542,12.077709334469223,16.140152,15.322983497451531,8.207685046385183
PA,"Footings for Podium columns, Core walls, Retaining walls",footings for podium columns core walls retaining walls,m3,1565.1500716332378,5584.0,concrete,M25,301.8,kgCO2e/m3,18.5023,has_cci,2.970532407332247,9.015347260644164,11.554963609712553,18.54547507036142,16.61784712706757,19.469782,17.948636109986158,9.862760404117239
PA,"Grade slab of 250mm / 300 mm thickness, including the folds for catch basins, ramp drains or wherever specified at 4th Basement level. 
",grade slab of thickness including the folds for catch basins ramp drains or wherever specified at 4th basement level,m3,2037.5155802292263,5584.0,concrete,M25,301.8,kgCO2e/m3,18.5023,has_cci,2.970532407332247,8.698317615496894,7.000611032420013,18.54547507036142,13.939003564990918,15.214294,16.645529530012773,4.764584692183786
PA,Retaining walls - Grade M25,retaining walls grade m25,m3,1830.0,5584.0,concrete,M25,301.8,kgCO2e/m3,18.5023,has_cci,2.970532407332247,8.541621786481043,9.279153062932345,18.54547507036142,12.711620860648017,18.342598,16.647522383898174,9.345397825127312
PA,Ramp Beam - Grade M25,ramp beam grade m25,m3,69.0,5584.0,concrete,M25,301.8,kgCO2e/m3,18.5023,has_cci,2.970532407332247,17.432366158924303,16.729481692819995,18.54547507036142,14.669138737076127,18.896353,16.673033547511835,17.964955008749314
PA,Ramp slab - Grade M25,ramp slab grade m25,m3,160.0,5584.0,concrete,M25,301.8,kgCO2e/m3,18.5023,has_cci,2.970532407332247,16.37917510786488,15.893420558646401,18.54547507036142,14.194920860183169,17.04354,16.642252053241783,16.917553453122157
PA,RCC Parapet / upstand at all levels of specified thickness - Grade M25,rcc parapet upstand at all levels of specified thickness grade m25,m3,425.0,5584.0,concrete,M25,301.8,kgCO2e/m3,18.5023,has_cci,2.970532407332247,11.463877813593498,11.055042797724777,18.54547507036142,17.28505323738466,16.446894,17.393426368083922,11.108243016920552
PA,Bottom slab,bottom slab,m3,375.0,5643.0,concrete,M30,331.2,kgCO2e/m3,17.038,has_cci,2.892480643743516,19.329077962404725,24.19996816226483,17.081086773155,17.531718681588238,17.20071,18.383671820888587,21.60222774106513
PA,Walls,walls,m3,250.0,5643.0,concrete,M30,331.2,kgCO2e/m3,17.038,has_cci,2.892480643743516,9.216985287757467,11.592394775235697,17.081086773155,17.777645572035432,17.285181,15.318699197959134,11.389625936081357
PA,Top slab,top slab,m3,69.0,5643.0,concrete,M30,331.2,kgCO2e/m3,17.038,has_cci,2.892480643743516,21.89233891792873,26.780600598982208,17.081086773155,18.623974983735675,18.228067,18.886752781465816,24.348366068763422
PA,Plat Form slab,plat form slab,m3,91.0,5643.0,concrete,M30,331.2,kgCO2e/m3,17.038,has_cci,2.892480643743516,21.45463977825587,26.34375810275445,17.081086773155,18.731225023768943,18.097147,18.797782024498666,23.880222167771446
PA,Wall,wall,m3,58.5,5643.0,concrete,M30,331.2,kgCO2e/m3,17.038,has_cci,2.892480643743516,22.156659606004446,27.043679032168495,17.081086773155,18.623513107811046,18.171625,18.940934447836472,24.630922508507055
PA,Staircase at all floors & heights,staircase at all floors heights,m3,167.36,5633.0,concrete,M25,301.8,kgCO2e/m3,18.6647,has_cci,2.9788251502372765,9.898181939153247,15.309915794998922,18.54547507036142,17.60319551385955,18.268011,20.73272209622038,14.893678968144258
PA,Chejjas / Lofts,chejjas lofts,m3,10.0,5633.0,concrete,M25,301.8,kgCO2e/m3,18.6647,has_cci,2.9788251502372765,26.0995591139458,31.87115016767359,18.54547507036142,18.881286279987748,19.66203,20.728073722509194,30.6352286993307
PA,RCC Brackets / Fins / Ledges at all levels,rcc brackets fins ledges at all levels,m3,10.0,5633.0,concrete,M25,301.8,kgCO2e/m3,18.6647,has_cci,2.9788251502372765,15.76494016783596,18.436747416578694,18.54547507036142,19.059487673336875,19.977373,20.72776776759707,16.167485857830233
PA,Electrical High Mast,electrical high mast,m3,15.0,5633.0,concrete,M25,301.8,kgCO2e/m3,18.6647,has_cci,2.9788251502372765,25.391702374256788,31.16455245211788,18.54547507036142,18.904083231981257,19.683853,20.58006739429044,29.837050305502377
PA,Bottom Slab,bottom slab,m3,141.11903999999998,5584.0,concrete,M25,301.8,kgCO2e/m3,18.5023,has_cci,2.970532407332247,21.6185343269545,27.33787490127789,18.54547507036142,18.16800018336716,19.278463,19.80459345358562,25.569419624162315
PA,RCC Walls,rcc walls,m3,205.48973066666665,5584.0,concrete,M25,301.8,kgCO2e/m3,18.5023,has_cci,2.970532407332247,12.358972148572057,15.148575288283514,18.54547507036142,18.43366822351595,19.562366,16.645712077225415,10.719358646664395
PA,Ground floor,ground floor,m3,1002.3976375000004,7559.0,concrete,M50,420.0,kgCO2e/m3,17.9976,has_cci,2.9443126553984555,15.293245538205753,14.238233525115918,17.081086773155,17.0619621497612,16.09567,16.18915676451751,12.027111930231811
PA,1F-5F,1f 5f,m3,5127.1991125,6093.0,concrete,M40,381.5,kgCO2e/m3,15.9712,has_cci,2.8315177897690686,14.666057721871184,18.17184436062068,17.081086773155,15.822598713163831,17.212435,16.452794644200335,14.63572094823932
PA,6F-11F,6f 11f,m3,5890.765700000001,5822.0,concrete,M35,356.3,kgCO2e/m3,16.3402,has_cci,2.853027505311254,15.113914911943947,19.212973402482472,17.081086773155,14.888541679774114,16.761328,16.996135993342882,16.03420511411518
PA,12F-Terrace,12f terrace,m3,19885.088355000004,5643.0,concrete,M30,331.2,kgCO2e/m3,17.038,has_cci,2.892480643743516,14.359671294275163,19.019510353632278,4.42191781726542,10.411204691956003,10.011394,17.654448297114218,16.242586521591246
PA,1F-Terrace,1f terrace,m3,4841.062117750001,5643.0,concrete,M30,331.2,kgCO2e/m3,17.038,has_cci,2.892480643743516,15.971491661340568,20.728740509540813,17.081086773155,15.616355049379127,13.237245,17.835729814684058,17.98672043139097
PA,GF-Terrace,gf terrace,m3,875.9563529999997,5643.0,concrete,M30,331.2,kgCO2e/m3,17.038,has_cci,2.892480643743516,18.148621706410935,22.992193909314015,17.081086773155,16.328516928300946,11.699741,18.171935420021615,20.333623931962133
PA,"Raft for columns, Core walls, Retaining walls",raft for columns core walls retaining walls,m2,4121.3078000000005,401.0,concrete,M30,66.24,kgCO2e/m2,6.0537,has_cci,1.9535523018479488,42.91530514842966,37.646361117892376,32.88546388778363,35.13849117408143,6.8108783,11.037680229430727,26.132366119384123
PA,"Grade slab of 200mm thickness, including the folds for catch basins, ramp drains or wherever specified at 4th Basement level. ",grade slab of thickness including the folds for catch basins ramp drains or wherever specified at 4th basement level,m2,100.0,375.0,concrete,M30,66.24,kgCO2e/m2,5.6612,has_cci,1.896299648501979,55.30137039368418,30.008106876781447,28.480383384127425,35.534284760063834,7.261734,6.3616004510178294,15.18012821367899
PA,Retaining walls,retaining walls,m2,13148.134,479.0,concrete,M30,66.24,kgCO2e/m2,7.2313,has_cci,2.1079439609025465,36.67199041194829,33.63641784610031,32.88546388778363,36.03481810540993,8.310972,8.100303936787984,27.33707368773615
PA,Ramp Beam,ramp beam,m2,975.0,752.0,concrete,M30,24.84,kgCO2e/m2,30.2738,has_cci,3.442780686312298,91.68171598522717,81.50989133444268,23.094557348559963,64.93661153628108,27.616724,173.77906189017747,96.81509367108275
PA,Ramp slab,ramp slab,m2,965.0,665.0,concrete,M30,41.4,kgCO2e/m2,16.0628,has_cci,2.836900655208192,91.7491654387748,81.55918733708504,23.094557348559963,65.22048186310838,27.564625,173.8857124839649,96.88382158462824
PA,RCC Parapet / upstand at all levels of specified thickness,rcc parapet upstand at all levels of specified thickness,m2,4425.0,479.0,concrete,M30,24.84,kgCO2e/m2,19.2834,has_cci,3.009802817530773,51.716202785632795,38.40358835902131,32.88546388778363,36.98245484436845,19.368467,21.414405694630705,28.2836312296469
PA,Staircase at all floors & heights.,staircase at all floors heights,m2,1285.0,622.0,concrete,M30,24.84,kgCO2e/m2,25.0403,has_cci,3.2596453380113326,43.3220502515477,46.19661159245835,23.094557348559963,43.254049616518145,20.903873,27.78760391122178,53.95658820376686
PA,Lintels  ,lintels,m2,1255.0,686.0,concrete,M30,24.84,kgCO2e/m2,27.6167,has_cci,3.353990463497061,90.04504855247262,80.31173746266985,23.094557348559963,63.28037938103945,28.79916,171.153880621606,95.14687208340949
PA,Chejjas/Lofts,chejjas lofts,m2,100.0,655.0,concrete,M30,24.84,kgCO2e/m2,26.3688,has_cci,3.3094036784670218,107.7882802575583,93.11062284094771,28.480383384127425,95.49408151351396,50.470352,195.64667654626442,113.18065444203613
PA,RCC Brackets/Fins/Ledges at all levels,rcc brackets fins ledges at all levels,m2,150.0,686.0,concrete,M30,24.84,kgCO2e/m2,27.6167,has_cci,3.353990463497061,64.41607419796242,53.364846864859004,28.480383384127425,47.124476854528496,22.882006,24.887262944510898,38.27025224241095
PA,"DG, Chillers, Pump & Transfo Foundations",dg chillers pump transfo foundations,m2,150.0,517.0,concrete,M30,24.84,kgCO2e/m2,20.8132,has_cci,3.082515291138263,104.7413120466136,90.94105406818721,28.480383384127425,89.48186315642064,52.646957,192.07315099757884,110.09150733256676
PA,Ground floor to 33rd floor,ground floor to 33rd floor,m2,27430.618875,532.0,plaster,,4.76,kgCO2e/m2,111.7647,has_cci,4.725303346824586,39.704048806325055,36.23032129920459,81.59777611164108,70.32620109782083,131.30495,101.0206578535232,38.25769895176889
PA,For Terrace,for terrace,m2,4625.0,719.0,concrete,M20,21.3675,kgCO2e/m2,33.6492,has_cci,3.545274637346292,88.58980870725196,78.63472212415282,48.90415969309186,82.75555144473897,32.414314,63.50129718957686,62.07082921871817
PA,"Protective layer(Horizontal ) :  Providing & Laying M20 grade screed concrete to required slope admix with intergral waterproofing compound Conplast WL  of FOSROC make or Equivalent at the dosage of 125ml/bag of cement over waterproofing layer to a minimum thickness of 50mm as per site requirement, cost for labour charge. Treatment shall be provided from standard manufacturers like BASF, SIKA, FOSROC or equivalent.
",protective layer horizontal providing laying m20 grade screed concrete to required slope admix with intergral waterproofing compound conplast wl of fosroc make or equivalent at the dosage of 125ml bag of cement over waterproofing layer to a minimum thickness of as per site requirement cost for labour charge treatment shall be provided from standard manufacturers like basf sika fosroc or equivalent,m2,1420.0,727.0,concrete,M20,14.245,kgCO2e/m2,51.0355,has_cci,3.951926177960732,23.32449391629237,25.833015007383317,21.065325530492913,45.004018607365346,49.49295,46.09388549566716,26.905112481664286
PA,STP-Internal,stp internal,m2,3200.0,376.0,concrete,M20,21.3675,kgCO2e/m2,17.5968,has_cci,2.9229895229073066,90.95071763205796,85.99907524466205,48.90415969309186,90.21181775430651,32.33168,182.6660569705938,108.23910793306004
PA,"Providing and laying vacuum dewatered flooring M20 Grade of 100mm thickness  laid and vibrated with double beam screed vibrator till  achieving optimum  compaction and leveling. The vibrated surface is then leveled using a straight edge. A system of lower mats & top mat is laid on the green concrete & this is attached to a vacuum pump to draw  out surplus water if any. The concrete is left to stiffen. When the base concrete has stiffened to the point, Floor Hardener is applied at an even application rate of between 5-7 Kg/Sqmt. The concrete shall be  further compacted and leveled using Power Floater followed by finishing as per the requirement using Power Trowel (excludes ramp area). The rate to include curing, protecting the concrete floor etc., complete. Grooves (4mm X10mm) shall be provided for a bay size of 4m X 4m & grooves and filling the grooves with Sealent (Colpor - 200 from Fosroc chemicals or Poly sulphide sealant (Pedilite / BASF or equivalent).. For Parking Area",providing and laying vacuum dewatered flooring m20 grade of thickness laid and vibrated with double beam screed vibrator till achieving optimum compaction and leveling the vibrated surface is then leveled using a straight edge a system of lower mats top mat is laid on the green concrete this is attached to a vacuum pump to draw out surplus water if any the concrete is left to stiffen when the base concrete has stiffened to the point floor hardener is applied at an even application rate of between 5 7 kg sqmt the concrete shall be further compacted and leveled using power floater followed by finishing as per the requirement using power trowel excludes ramp area the rate to include curing protecting the concrete floor etc complete grooves x10mm shall be provided for a bay size of 4m x 4m grooves and filling the grooves with sealent colpor 200 from fosroc chemicals or poly sulphide sealant pedilite basf or equivalent for parking area,m2,40141.2,761.0,concrete,M20,28.49,kgCO2e/m2,26.7111,has_cci,3.3218330549473265,29.33212378853358,37.50866730654441,48.90415969309186,43.12021222490927,23.823092,29.633694189703302,26.362858000851965
PA,"Providing & laying M20 grade controlled cement concrete IPS flooring of  average 50mm thk IPS floor concrete (Broom Finish) with power floating using 12mm downsize aggregates laid in panels not exceeding 2.5 SMT in area laid to proper level/slope etc. Rate to include curing & protection etc complete., with all lead and lift and as directed Architect/Engineer in charge. including grooves of edge at the edge of the treads of size 5mm X 30mm.and grooves to be filled with polyurethane sealant.  - For Ramps",providing laying m20 grade controlled cement concrete ips flooring of average thk ips floor concrete broom finish with power floating using downsize aggregates laid in panels not exceeding 2 5 smt in area laid to proper level slope etc rate to include curing protection etc complete with all lead and lift and as directed architect engineer in charge including grooves of edge at the edge of the treads of size x and grooves to be filled with polyurethane sealant for ramps,m2,2262.0,415.0,concrete,M20,14.245,kgCO2e/m2,29.133,has_cci,3.4056209167219347,27.26457413600729,24.36260920583199,21.065325530492913,37.39977189310217,29.075241,32.303177554414724,20.46935016146298
PA,"Providing & laying minimum 75mm thick granolithic flooring laid in panels, with M15 grade concrete (20mm down aggregate) and top surface shall be finished with 1:1.5 granolithic mix base (1 cement: 1.5 parts granite chips 10mm and down) including laying in panels, consolidating, curing etc. complete.  The rate also to include finishing the top with mechanical float as per specifications and instructions. Measurements shall be considered as floor area only. ",providing laying minimum thick granolithic flooring laid in panels with m15 grade concrete down aggregate and top surface shall be finished with 1 1 5 granolithic mix base 1 cement 1 5 parts granite chips and down including laying in panels consolidating curing etc complete the rate also to include finishing the top with mechanical float as per specifications and instructions measurements shall be considered as floor area only,m2,1500.0,546.0,concrete,M15,20.1075,kgCO2e/m2,27.154,has_cci,3.3376894404057738,70.92360799306827,74.69990112533803,21.065325530492913,40.26047616089138,27.769865,30.11535452543918,50.87143369862471
PA,"Providing and laying Cement  Screed Concrete Flooring average of 50mm thick for the shaft over chequered plate of specified thickness in cement concrete 1:2:4 using 12mm and down graded aggregates to be finished,  includes compacting, curing, antiskid grooves,  etc., complete  with all leads and lifts at all levels, and as per the instructions of Engineer in Charge .(Chequered plate will be paid in relevant item)",providing and laying cement screed concrete flooring average of thick for the shaft over chequered plate of specified thickness in cement concrete 1 2 4 using and down graded aggregates to be finished includes compacting curing antiskid grooves etc complete with all leads and lifts at all levels and as per the instructions of engineer in charge chequered plate will be paid in relevant item,m2,968.0,258.0,concrete,M20,14.245,kgCO2e/m2,18.1116,has_cci,2.950295480545384,35.24396108678518,36.11820777692716,21.065325530492913,29.845924947905576,18.229155,20.12273133350971,25.27751920381374
PA,"Providing and fixing at parking wall to wall expansion joint Kantaflex model no. – WD-1 for 25mm in accordance with the Structural drawing and specifications. The system is proprietary design consisting of aluminum profiles. The expansion joint includes aluminum clip, aluminum cover plate and supporting isolated gasket for wall to wall condition. The cover plate snaps into the clip provided with isolated gasket on cover edges for better fitment on the wall with no slipping down tendency. The system should be fixed with appropriate anchors and fasteners and the exposed surface match the adjacent finishes. Aluminum to conform as per ASTM B221 for extrusion alloy 6063-T5.                                                                                                                                                     Cost to include drilling and fixing of extrusions using heavy duty anchor bolts, and sealing the joints capable of withstanding repeated extensions, compressions, and cyclic movement without lot of adhesion and resist deterioration by weathering, sunlight, ozone, water, salt water, oil, fuels, acids and most of the commonly used acids, etc., ",providing and fixing at parking wall to wall expansion joint kantaflex model no wd 1 for in accordance with the structural drawing and specifications the system is proprietary design consisting of aluminum profiles the expansion joint includes aluminum clip aluminum cover plate and supporting isolated gasket for wall to wall condition the cover plate snaps into the clip provided with isolated gasket on cover edges for better fitment on the wall with no slipping down tendency the system should be fixed with appropriate anchors and fasteners and the exposed surface match the adjacent finishes aluminum to conform as per astm b221 for extrusion alloy 6063 t5 cost to include drilling and fixing of extrusions using heavy duty anchor bolts and sealing the joints capable of withstanding repeated extensions compressions and cyclic movement without lot of adhesion and resist deterioration by weathering sunlight ozone water salt water oil fuels acids and most of the commonly used acids etc,m,75.0,3674.0,aluminium,,6.669,kgCO2e/kg_per_kg_review,550.9072,has_cci,6.313379916201997,232.51083224972464,156.7060653954598,208.18240119418527,108.31582209502642,463.29654,498.6375846420748,47.82256085558145
PA,"Brick Masonry: Providing & constructing brick masonry in cement mortar 1:6 using defectless,sharp edged first quality table moulded well burnt bricks of strength minimum 35 kg/sqcm, Uniform size, approved quality bricks adequately soaked in water before use for super structure, piers & architectural features etc., including  racking etc., complete at all level as directed by Engineer for: 
a) 230mm thk.",brick masonry providing constructing brick masonry in cement mortar 1 6 using defectless sharp edged first quality table moulded well burnt bricks of strength minimum 35 kg sqcm uniform size approved quality bricks adequately soaked in water before use for super structure piers architectural features etc including racking etc complete at all level as directed by engineer for a thk,m3,15.0,7054.0,brick,,383.4,kgCO2e/m3,18.3985,has_cci,2.96519574349234,15.43887183037672,23.729142288128443,7.1180527376787275,18.943450392789867,17.924747,20.437127438332816,19.897788267902243
PA,"Specification & scope of work same as above but for 115mm thk but in cement mortor 1:4 & by providing a concrete band of 75mm thick with 2nos. Tor 8 longitudinal bars and Tor 8 at 200c/c transverse reinforcement at every twelfth course with M15 grade concrete mix including shuttering etc complete. The rate is inclusive of cost for cutting, bending & placing of reinforcement steel with all leads and lifts.",specification scope of work same as above but for thk but in cement mortor 1 4 by providing a concrete band of thick with 2nos tor 8 longitudinal bars and tor 8 at 200c c transverse reinforcement at every twelfth course with m15 grade concrete mix including shuttering etc complete the rate is inclusive of cost for cutting bending placing of reinforcement steel with all leads and lifts,m2,15.0,1082.0,concrete,M15,30.8315,kgCO2e/m2,35.094,has_cci,3.5861266465391064,42.47304863135401,36.346728987700715,21.065325530492913,44.39126476728978,36.020405,38.77009492937339,23.499754678154787
PA,"Size Stone Masonry: Providing and constructing Size stone masonry in CM 1:4 using granite/ trap stones, in courses not less than 150mm high edges of stones hammer ressed through bond stones every 1.5m to 2.0m intervals, joints between stones packed with spalls and cement mortar, exposed joints of stone masonry neatly racked to a depth of 25mm for receiving pointing with necessary tools and plant etc. complete. The masonry shall be so constructed such that the percentage of cement mortar shall not be more than 30% of the total volume of masonry.
a) In foundation & plinth.",size stone masonry providing and constructing size stone masonry in cm 1 4 using granite trap stones in courses not less than high edges of stones hammer ressed through bond stones every 1 5m to 2 0m intervals joints between stones packed with spalls and cement mortar exposed joints of stone masonry neatly racked to a depth of for receiving pointing with necessary tools and plant etc complete the masonry shall be so constructed such that the percentage of cement mortar shall not be more than 30 of the total volume of masonry a in foundation plinth,m3,128.0,5006.0,mortar,,416.0,kgCO2e/m3,12.0337,has_cci,2.5675383109198124,15.525418164088368,18.9286273394141,2.243107022788595,13.85666516088852,11.683861,13.405585563357805,14.413584512424165
PA,"Providing & application of one coat of Gypsum plaster - Buildon or equivalent over one coat of bonding adhesive - Suraksha Bondit on ceilings, Beams & Columns to make the perfect line & plumb as per the site requirement. However, at any given place thickness shall not be less than 6mm-8mm. Rates also including surface preparation, cleaning of debris, shifitng & carting away from the site premises & dumping away from the project premises as per the pollution control board norms, etc., complete as per the instructions of Engineer In Charge.",providing application of one coat of gypsum plaster buildon or equivalent over one coat of bonding adhesive suraksha bondit on ceilings beams columns to make the perfect line plumb as per the site requirement however at any given place thickness shall not be less than rates also including surface preparation cleaning of debris shifitng carting away from the site premises dumping away from the project premises as per the pollution control board norms etc complete as per the instructions of engineer in charge,m2,255441.290625,320.0,plaster,,4.76,kgCO2e/m2,67.2269,has_cci,4.222838915235574,63.72917042832475,118.21117838322625,77.75118946814429,77.26016053614073,79.406265,60.73103317421083,103.61453708144164
PA,Lobby area,lobby area,m2,2012.581,128.0,plaster,,4.76,kgCO2e/m2,26.8908,has_cci,3.3282968853441868,109.60474073267721,113.03526333368849,81.59777611164108,119.44785263690036,83.51514,239.41405770591217,164.31213260052186
PA,Coarse Putty Works for Balconies ceiling and walls,coarse putty works for balconies ceiling and walls,m2,15843.3671875,128.0,plaster,,4.76,kgCO2e/m2,26.8908,has_cci,3.3282968853441868,58.2991165713846,52.642616452576085,81.59777611164108,49.73621600059383,28.52149,29.82282341275252,37.688798097664474
PA,"Coarse Putty Works for Internal apartment ceiling, common area, staircase walls & ceilings",coarse putty works for internal apartment ceiling common area staircase walls ceilings,m2,84638.25,128.0,plaster,,4.76,kgCO2e/m2,26.8908,has_cci,3.3282968853441868,47.7819010080313,49.51070587028547,81.59777611164108,51.0695438636855,30.311337,24.234810712470406,39.41865965094203
PA,"Providing & rendering 20mm thick sand faced cement plaster on all external block/RCC walls upto all heights consisting of min 12mm thick backing coat of CM 1:4 with addition of approved water proof compound at the rate of 2% by weight of cement & 8mm thick finishing coat using sponge in CM 1:6, including expansion grooves, drip mould, forming pattis, plaster surround, bands etc if any including curing, scaffolding at all levels. The work shall be true to plumb, line & level.",providing rendering thick sand faced cement plaster on all external block rcc walls upto all heights consisting of min thick backing coat of cm 1 4 with addition of approved water proof compound at the rate of 2 by weight of cement thick finishing coat using sponge in cm 1 6 including expansion grooves drip mould forming pattis plaster surround bands etc if any including curing scaffolding at all levels the work shall be true to plumb line level,m2,2763.0,526.0,concrete,M20,5.698,kgCO2e/m2,92.3131,has_cci,4.535960505285435,33.461969871418276,30.643788282210664,77.75118946814429,54.652381920776676,75.35663,83.44853698483881,38.56548575481787
PA,"Preparing the surface, Providing & applying Plastering to masonry wall, , 12mm thick in single coat to Service shafts, ducts,  etc.,  in CM 1:6 (1 cement: 6 fine sand) finish at all levels,  including  curing fixing of 150mm wide GI plaster mesh Ariptha or equivalent of approved make in the junctions of the masonry & RCC work wherever applicable as per manufacturer's specifications, plastering the mesh in CM 1:2,   The work shall include cost of materials, labour, curing, all lead and lifts at all levels, loading and unloading, scaffolding and all other incidental charges etc., complete and as directed by the Engineer-in-charge. ",preparing the surface providing applying plastering to masonry wall thick in single coat to service shafts ducts etc in cm 1 6 1 cement 6 fine sand finish at all levels including curing fixing of wide gi plaster mesh ariptha or equivalent of approved make in the junctions of the masonry rcc work wherever applicable as per manufacturer s specifications plastering the mesh in cm 1 2 the work shall include cost of materials labour curing all lead and lifts at all levels loading and unloading scaffolding and all other incidental charges etc complete and as directed by the engineer in charge,m2,2470.0,386.0,concrete,M20,3.4188,kgCO2e/m2,112.9051,has_cci,4.735365645570119,51.545001410185385,60.24138874931959,48.90415969309186,68.10858551390987,101.66298,102.0417653171681,68.3714337213078
PA,"Providing  & applying rough plastering  in CM 1:6, 12mm thick for walls, fixing tiles, granite slabs, marble etc. to line and plumb for walls including scarifying the surface to receive the tiles for Dado backing, scaffolding, curing etc. complete at all levels.",providing applying rough plastering in cm 1 6 thick for walls fixing tiles granite slabs marble etc to line and plumb for walls including scarifying the surface to receive the tiles for dado backing scaffolding curing etc complete at all levels,m2,46835.77142857143,350.0,plaster,,4.76,kgCO2e/m2,73.5294,has_cci,4.311193678411714,44.270325115951344,56.84297442303494,77.75118946814429,56.82778117355891,71.59139,66.44276752484876,37.0409770249656
PA,STP & UG Sump pump room,stp ug sump pump room,m2,425.0,415.0,concrete,M20,21.3675,kgCO2e/m2,19.422,has_cci,3.016612751133346,105.0292622038153,96.79376481012784,147.7911459241563,135.26871543972976,88.4385,206.285836336602,124.34692579792691
PA,"Tandur Flooring - Cut to Size : Providing & fixing 18mm-20mm Tandur stone flooring laid over a minimum of 20mm thick CM 1:5 with edge chamfer, curing etc,. Complete.
Location: STP ( Tread, Riser, landing) ",tandur flooring cut to size providing fixing tandur stone flooring laid over a minimum of thick cm 1 5 with edge chamfer curing etc complete location stp tread riser landing,m2,40.0,1812.0,concrete,M20,5.698,kgCO2e/m2,318.0063,has_cci,5.765210851806132,129.44035854412567,126.6660335884992,208.18240119418527,128.1920413521047,250.05307,287.66362465009894,77.9062077706764
PA,For Refuge area,for refuge area,m2,2100.0,415.0,concrete,M20,21.3675,kgCO2e/m2,19.422,has_cci,3.016612751133346,93.7266244559292,82.3646647911675,23.094557348559963,86.45846707216725,34.059284,71.5695931135782,65.563990120656
PA,Specification & scope of work same as above but for Toilet Counter with 20mm lipping,specification scope of work same as above but for toilet counter with lipping,m2,2582.0,6504.0,concrete,M20,21.3675,kgCO2e/m2,304.3875,has_cci,5.721581462018916,113.20934173251447,98.57218451412236,48.90415969309186,93.89138139367802,184.15977,275.40660345998276,161.15852003819168
PA,"Providing  & Laying Vitrified Tiles of Kajaria /Nitco or equivalent  reputed  make  600  x 600mm  size , 10mm  thick   Vitrified   tile  of   1st  class  quality  in  approved colors/shades   to  floor  in  required  position set  on  bed  of  cement  mortar  1:6  (1 Cement  :  6  Manufactured   Sand)  of minimum  20mm  thk incl cement slurry matching the design patterns, Joints to run continuous horizontally and vertically with 2mm spacers, leveling, lining, grouting the joints with cementatious grout of balendura/laticrete or equivalent make to match the colour of the tile, rubbing, washing, curing, cleaning and protecting finished surface from scratches, damage,stains and other damages at level with POP over bubbled polythene sheet or equivalent etc., complete. ",providing laying vitrified tiles of kajaria nitco or equivalent reputed make 600 x size thick vitrified tile of 1st class quality in approved colors shades to floor in required position set on bed of cement mortar 1 6 1 cement 6 manufactured sand of minimum thk incl cement slurry matching the design patterns joints to run continuous horizontally and vertically with spacers leveling lining grouting the joints with cementatious grout of balendura laticrete or equivalent make to match the colour of the tile rubbing washing curing cleaning and protecting finished surface from scratches damage stains and other damages at level with pop over bubbled polythene sheet or equivalent etc complete,m2,553.1800000000001,1125.0,tile,,17.512,kgCO2e/m2,64.2417,has_cci,4.178098835046673,45.659724199071576,31.14321113637949,208.18240119418527,52.23456159157099,66.77867,58.036361211441616,26.427059184559052
PA,GL1 - 5.2 X 2.25,gl1 5 2 x 2 25,m2,365.89316400000007,5202.0,concrete,M20,21.3675,kgCO2e/m2,243.4538,has_cci,5.4990263340050785,181.75065032641095,177.94323486525266,147.7911459241563,190.39634688699218,199.53851,234.45708881816054,205.35139627347235
PA,GL2 - 2.275 X 2.25,gl2 2 275 x 2 25,m2,59.73069375000001,5202.0,concrete,M20,21.3675,kgCO2e/m2,243.4538,has_cci,5.4990263340050785,206.5089913315002,197.61730479939507,243.45379999999957,199.4553796603039,277.1045,246.16007067014317,232.11279633411468
PA,GL3 - 2.4 X 2.25,gl3 2 4 x 2 25,m2,110.902176,5202.0,concrete,M20,21.3675,kgCO2e/m2,243.4538,has_cci,5.4990263340050785,197.74092574780494,190.70057937783676,243.45379999999957,197.38199951283192,235.32085,242.79936313594573,222.6508853907928
PA,GL4 - 6.075 X 2.25,gl4 6 075 x 2 25,m2,191.4007725,5202.0,concrete,M20,21.3675,kgCO2e/m2,243.4538,has_cci,5.4990263340050785,190.27633172810107,184.76898840056728,147.7911459241563,193.26551824431147,204.61833,239.27374400095437,214.5823772614169
PA,GL5 - 2.2 X 2.25,gl5 2 2 x 2 25,m2,376.605306,5202.0,concrete,M20,21.3675,kgCO2e/m2,243.4538,has_cci,5.4990263340050785,181.37951539873163,177.64482253345977,147.7911459241563,187.89573102127653,198.43234,234.22767429214193,204.9491708398286
PA,GL6 - 3.05 X 2.25,gl6 3 05 x 2 25,m2,3.203140500000001,5202.0,concrete,M20,21.3675,kgCO2e/m2,243.4538,has_cci,5.4990263340050785,249.59126910738405,230.88988445664708,243.45379999999957,198.31472566329907,249.58017,252.30795705617425,278.3829537136273
PA,GL7 - 2.138 X 2.25,gl7 2 138 x 2 25,m2,8.98139592,5202.0,concrete,M20,21.3675,kgCO2e/m2,243.4538,has_cci,5.4990263340050785,234.7397771681072,219.54531327162147,243.45379999999957,199.13553193835165,265.58517,251.90667040227595,262.47172250216596
PA,GL8 - 2.425 X 2.25,gl8 2 425 x 2 25,m2,5.0935185,5202.0,concrete,M20,21.3675,kgCO2e/m2,243.4538,has_cci,5.4990263340050785,243.1025662821027,225.94861032252237,243.45379999999957,199.13553193835165,252.771,252.32609796002544,271.4360469428868
PA,GL9 - 8.85 X 2.25,gl9 8 85 x 2 25,m2,18.58871700000001,5202.0,concrete,M20,21.3675,kgCO2e/m2,243.4538,has_cci,5.4990263340050785,223.77544288130122,211.08795857610414,243.45379999999957,200.1741534906082,266.34543,250.52235866434168,250.6992521245892
PA,GL10 - 3.062 X 2.25,gl10 3 062 x 2 25,m2,6.431486040000001,5202.0,concrete,M20,21.3675,kgCO2e/m2,243.4538,has_cci,5.4990263340050785,239.70370220845012,223.35094978111474,243.45379999999957,199.13553193835165,262.36356,252.21815597785508,267.7942168943071
PA,GL11 - 5.895 X 6.85,gl11 5 895 x 6 85,m2,99.94023405,5202.0,concrete,M20,21.3675,kgCO2e/m2,243.4538,has_cci,5.4990263340050785,116.3813836145218,105.31098320450371,243.45379999999957,169.07460382235175,214.82623,221.21909215270313,137.28109273141808
PA,GL12 - 6.025 X 6.85,gl12 6 025 x 6 85,m2,102.14417475000002,5202.0,concrete,M20,21.3675,kgCO2e/m2,243.4538,has_cci,5.4990263340050785,116.20242743759745,105.1778965561409,243.45379999999957,164.4317171920402,169.93542,221.01273398821746,137.07754321776977
PA,GL29 - 7.115 X 3.5,gl29 7 115 x 3 5,m2,32.735545800000004,5202.0,concrete,M20,21.3675,kgCO2e/m2,243.4538,has_cci,5.4990263340050785,125.82986176846735,112.28761870006878,243.45379999999957,170.1558962581164,234.20193,230.81971447770235,147.99524538878725
PA,GL30 - 2.05 X 2.25,gl30 2 05 x 2 25,m2,2.1529305,5202.0,concrete,M20,21.3675,kgCO2e/m2,243.4538,has_cci,5.4990263340050785,254.73244473157723,234.78873104360508,243.45379999999957,193.01364543327927,249.58017,252.0971201770054,283.8820322357678
PA,GL31 - 3.2X 3.5,gl31 3 2x 3 5,m2,7.361471999999999,5202.0,concrete,M20,21.3675,kgCO2e/m2,243.4538,has_cci,5.4990263340050785,138.96347168608182,121.83331587616863,243.45379999999957,168.94833944619376,222.0118,240.15460598811123,162.82081784300914
PA,GL32 - 2.365 X 3.5,gl32 2 365 x 3 5,m2,5.440587900000001,5202.0,concrete,M20,21.3675,kgCO2e/m2,243.4538,has_cci,5.4990263340050785,141.56801292346887,123.7068589731866,243.45379999999957,168.94833944619376,219.31674,241.4928228806659,165.754569765922
PA,GL33 - 20.65 X 3.5,gl33 20 65 x 3 5,m2,47.50449900000001,5202.0,concrete,M20,21.3675,kgCO2e/m2,243.4538,has_cci,5.4990263340050785,122.61814536033225,109.92691904689293,243.45379999999957,170.24920828039623,234.20193,227.8382286928613,144.36126496600272
PA,GL13 - 38.66 X 4.25,gl13 38 66 x 4 25,m2,328.67572199999995,5202.0,concrete,M20,21.3675,kgCO2e/m2,243.4538,has_cci,5.4990263340050785,183.13666758416394,179.05671017483527,147.7911459241563,190.05548016206887,203.31288,235.29910677742114,206.8532323045586
PA,GL14 - 19.985 X 4.25,gl14 19 985 x 4 25,m2,84.95323725000002,5202.0,concrete,M20,21.3675,kgCO2e/m2,243.4538,has_cci,5.4990263340050785,201.4793843990646,193.65622205476214,243.45379999999957,199.4643630984708,278.78348,244.3325857181575,226.68719161951856
PA,GL15 - 84.71 X 1.725,gl15 84 71 x 1 725,m2,146.15397495,5202.0,concrete,M20,21.3675,kgCO2e/m2,243.4538,has_cci,5.4990263340050785,113.29708395026812,103.01210582328468,243.45379999999957,154.6282707847984,158.70137,217.53280854096081,133.77141554646994
PA,GL16 - 49.76 X 1.725,gl16 49 76 x 1 725,m2,85.8531672,5202.0,concrete,M20,21.3675,kgCO2e/m2,243.4538,has_cci,5.4990263340050785,117.63433861256713,106.24177091989199,243.45379999999957,170.38602880621985,230.88231,222.6380462410035,138.70593804081219
PA,GL17 - 65.055 X 1.725,gl17 65 055 x 1 725,m2,112.24231897500002,5202.0,concrete,M20,21.3675,kgCO2e/m2,243.4538,has_cci,5.4990263340050785,115.43169530437352,104.60429971309257,243.45379999999957,164.4317171920402,169.93542,220.11341225742774,136.200769214165
PA,GL18 - 24.28 X 1.725,gl18 24 28 x 1 725,m2,41.8913766,5202.0,concrete,M20,21.3675,kgCO2e/m2,243.4538,has_cci,5.4990263340050785,123.69676091934541,110.72094172163648,243.45379999999957,170.24920828039623,234.20193,228.8714382039187,145.58208108618004
PA,GL19 - 5.215 X 1.725,gl19 5 215 x 1 725,m2,17.99534835,5202.0,concrete,M20,21.3675,kgCO2e/m2,243.4538,has_cci,5.4990263340050785,131.08139068280752,116.12477673785634,243.45379999999957,169.93540449416386,222.64777,235.0895133168997,153.9298716436299
PA,GL20 - 34.79 X 1.725,gl20 34 79 x 1 725,m2,60.02475255,5202.0,concrete,M20,21.3675,kgCO2e/m2,243.4538,has_cci,5.4990263340050785,120.6292039969613,108.45949652497089,243.45379999999957,169.87350193058225,230.81895,225.84743484082685,142.10906426602696
PA,GL21 - 19.775 X 1.725,gl21 19 775 x 1 725,m2,34.118697375,5202.0,concrete,M20,21.3675,kgCO2e/m2,243.4538,has_cci,5.4990263340050785,125.47038188764381,112.0239276519149,243.45379999999957,170.1558962581164,234.20193,230.5001676386581,147.5886747168451
PA,GL22 - 6.4 X 1.725,gl22 6 4 x 1 725,m2,11.042208,5202.0,concrete,M20,21.3675,kgCO2e/m2,243.4538,has_cci,5.4990263340050785,135.40299556764458,119.26199227150938,243.45379999999957,168.94833944619376,222.64777,238.0600005908165,158.80699763257599
PA,GL23 - 10.905 X 1.725,gl23 10 905 x 1 725,m2,18.814887225,5202.0,concrete,M20,21.3675,kgCO2e/m2,243.4538,has_cci,5.4990263340050785,130.68788273836753,115.83820974858926,243.45379999999957,169.93540449416386,233.5849,234.79503668373508,153.48548727198576
PA,GL24 - 6.49 X 1.725,gl24 6 49 x 1 725,m2,22.394978100000003,5202.0,concrete,M20,21.3675,kgCO2e/m2,243.4538,has_cci,5.4990263340050785,129.15192120280923,114.71819382562244,243.45379999999957,169.93540449416386,233.5849,233.6065199827335,151.75046657898295
PA,GL25 - 9.025 X 1.725,gl25 9 025 x 1 725,m2,31.14247725000001,5202.0,concrete,M20,21.3675,kgCO2e/m2,243.4538,has_cci,5.4990263340050785,126.26398606103467,112.60588579305634,243.45379999999957,170.1558962581164,234.20193,231.20089607304305,148.48618137296026
PA,GL26 - 8.58 X 1.725,gl26 8 58 x 1 725,m2,29.6069202,5202.0,concrete,M20,21.3675,kgCO2e/m2,243.4538,has_cci,5.4990263340050785,126.70481642506827,112.92887048610002,243.45379999999957,170.1558962581164,234.20193,231.58270072579202,148.98463709048235
PA,GL27 (Refer drawing for dimensions),gl27 refer drawing for dimensions,m2,24.154830000000004,5202.0,concrete,M20,21.3675,kgCO2e/m2,243.4538,has_cci,5.4990263340050785,128.48681768447977,106.75496279723264,243.45379999999957,138.58176088296375,201.69255,135.6587677667549,89.01360752066505
PA,GL28 - 20.65 X 1.88,gl28 20 65 x 1 88,m2,77.4529875,5202.0,concrete,M20,21.3675,kgCO2e/m2,243.4538,has_cci,5.4990263340050785,118.48983303925932,106.87628428185063,243.45379999999957,170.3157032104458,232.78056,223.5809617570286,139.6784973557725
PA,"Supplying and fixing in position M.S.chequered plate 5mm thick  with necessary supports such as M.S. angles/M.S. flats including stiffeners to be placed on angle iron frame work. (Frame work, angles, stiffeners will be measured under relevant structural steel item). Rate shall include necessary scaffolding, making necessary cutouts for inserts, applying one coat of Zinc chromate/Phosphate primer and two coats of first quality synthetic enamel paint of approved make etc complete,as directed. AC Ledges",supplying and fixing in position m s chequered plate thick with necessary supports such as m s angles m s flats including stiffeners to be placed on angle iron frame work frame work angles stiffeners will be measured under relevant structural steel item rate shall include necessary scaffolding making necessary cutouts for inserts applying one coat of zinc chromate phosphate primer and two coats of first quality synthetic enamel paint of approved make etc complete as directed ac ledges,kg,170534.8345875,93.0,steel,Fe500,1.72,kgCO2e/kg,54.0698,has_cci,4.008601471526375,75.94705714666956,43.55092102168135,81.59777611164108,54.43223598572784,55.41254,48.8078121008409,50.98968498541213
PA,"Providing  and applying  plastic  emulsion  paint for interiors  walls with 2 coats of Birla white   wall   putty   +1  coat   of  w/b   primer   and   two  coats   of   emulsion   paint   of asian/berger/jotun make, for walls of approved  colour.  And preparing  the surface  by cleaning/sanding, filling  up  the  cracks  with  crack  filler,  erecting  and  dismantling  of scaffolding  as & when  it is required,  finishing  the surface  with roller  etc., complete. Note: Contractor  shall arrange  for his own scaffolding  materials,  ladders  etc., legs of the  ladders  shall  be  covered  properly  with  gunny  bags  so  that  floor  does  not  get damaged. Floor shall be properly covered with plastic sheets to avoid spillage of paint while  applying  etc.,  complete   with  all  leads  &  lifts  at  all  levels  complete  and  as per the instructions of the Engineer in charge.",providing and applying plastic emulsion paint for interiors walls with 2 coats of birla white wall putty 1 coat of w b primer and two coats of emulsion paint of asian berger jotun make for walls of approved colour and preparing the surface by cleaning sanding filling up the cracks with crack filler erecting and dismantling of scaffolding as when it is required finishing the surface with roller etc complete note contractor shall arrange for his own scaffolding materials ladders etc legs of the ladders shall be covered properly with gunny bags so that floor does not get damaged floor shall be properly covered with plastic sheets to avoid spillage of paint while applying etc complete with all leads lifts at all levels complete and as per the instructions of the engineer in charge,m2,340057.2729,157.0,paint,,0.6456000000000001,kgCO2e/m2,243.1846,has_cci,5.497924496624982,78.32209098160327,113.96068107328622,419.17140824599585,147.66929333002955,241.1561,219.99430103425019,133.58302279775037
PA,Lobby area upto sill 1.2 m,lobby area upto sill 1 2 m,m2,2012.59,157.0,paint,,0.6456000000000001,kgCO2e/m2,243.1846,has_cci,5.497924496624982,109.60470581157944,113.03523377379089,81.59777611164108,119.44785263690036,128.16426,239.4139938530123,164.31208235394726
PA,"Providing and applying Plastic emulsion paint for interior ceiling  with 2 coats of Birla white putty +1 coat of w/b primer and two coats of  emulsion paint of asian/berger/jotun make,  of approved colour.  And preparing the surface by cleaning/sanding, filling up the cracks with crack filler, erecting and dismantling of scaffolding as & when it is required, finishing the surface with roller etc., complete. Note: Contractor shall arrange for his own scaffolding materials, ladders etc., legs of the ladders shall be covered properly with gunny bags so that floor does not get damaged. Floor shall be properly covered with plastic sheets to avoid spillage of paint while applying etc., complete  with all leads & lifts at all levels complete and as directed by Engineer-in-charge. ",providing and applying plastic emulsion paint for interior ceiling with 2 coats of birla white putty 1 coat of w b primer and two coats of emulsion paint of asian berger jotun make of approved colour and preparing the surface by cleaning sanding filling up the cracks with crack filler erecting and dismantling of scaffolding as when it is required finishing the surface with roller etc complete note contractor shall arrange for his own scaffolding materials ladders etc legs of the ladders shall be covered properly with gunny bags so that floor does not get damaged floor shall be properly covered with plastic sheets to avoid spillage of paint while applying etc complete with all leads lifts at all levels complete and as directed by engineer in charge,m2,89284.68900000001,157.0,paint,,0.6456000000000001,kgCO2e/m2,243.1846,has_cci,5.497924496624982,97.87400317775607,120.95032236324862,419.17140824599585,157.13174023675228,246.50806,219.97134469788898,149.49157712834543
PA,"Providing and applying 2 coats of whitewash of approved make, over RCC/sponge plastered surface etc., including preparing  the  surface  by  cleaning  the  cement  mortar, cement concrete, removing  the dust/dirt/oil/grease, sanding, filling up the dents, cracks, undulations with crack filler of approved make, erecting and dismantling of scaffolding, curing etc., complete with all leads & lifts at all levels complete and as directed by Engineer-in-charge.",providing and applying 2 coats of whitewash of approved make over rcc sponge plastered surface etc including preparing the surface by cleaning the cement mortar cement concrete removing the dust dirt oil grease sanding filling up the dents cracks undulations with crack filler of approved make erecting and dismantling of scaffolding curing etc complete with all leads lifts at all levels complete and as directed by engineer in charge,m2,132232.0,77.0,concrete,M20,21.3675,kgCO2e/m2,3.6036,has_cci,1.526838606112199,34.3694557837668,21.39619613918404,21.065325530492913,25.752613451398876,4.115991,4.087922059575405,20.42071085084876
PA,"Providing and applying 2 coats of Oil bound Distemper  of approved shade / colour / make over a  coat of w/b primer , The rate to include preparing the surface, required grinding, making good the surface,  scaffolding etc complete at all leads and lifts as per the instructions of the Engineer in charge.",providing and applying 2 coats of oil bound distemper of approved shade colour make over a coat of w b primer the rate to include preparing the surface required grinding making good the surface scaffolding etc complete at all leads and lifts as per the instructions of the engineer in charge,m2,54232.0,121.0,paint,,0.6456000000000001,kgCO2e/m2,187.4226,has_cci,5.238687312485087,49.22320454293428,56.9388657369266,77.75118946814429,70.36343181470664,157.89793,169.51090614842386,77.92252791570041
PA,"Providing & applying 2 of Synthetic Enamle paint of approved make/shade with a coat of primer for Columns, Core walls & Retaining wall upto 1.2 mtr height. Rate includes surface preparation",providing applying 2 of synthetic enamle paint of approved make shade with a coat of primer for columns core walls retaining wall upto 1 height rate includes surface preparation,m2,2633.0,223.0,concrete,M20,56.98,kgCO2e/m2,3.9137,has_cci,1.5920272221743066,49.80690518136846,33.96927475090693,26.3980573252259,36.530047506398226,4.564426,4.4311353197291865,14.66929748501378
PA,"Providing  and applying  Weather  scheild external grade emulsion  paint of approved  color and make  to External  walls  and  after  plastered  surface  and finishing  with two coats  of primer,  and two  coats of paint including  cost of material,  labour,  scaffolding, making good the wall repairing the cracks with crack filler  etc., all complete  as  directed  by  the  Engineer   incharge.  Rate  to  include  application  at all heights  & levels,  surfaces  and textures.  Engineer  incharges'  approval  required  after each coat. Tenderer to submit sample to the Engineer incharges for approval. Paint material shall be anti fungus, anti flaky etc.",providing and applying weather scheild external grade emulsion paint of approved color and make to external walls and after plastered surface and finishing with two coats of primer and two coats of paint including cost of material labour scaffolding making good the wall repairing the cracks with crack filler etc all complete as directed by the engineer incharge rate to include application at all heights levels surfaces and textures engineer incharges approval required after each coat tenderer to submit sample to the engineer incharges for approval paint material shall be anti fungus anti flaky etc,m2,25036.44,226.0,paint,,0.6456000000000001,kgCO2e/m2,350.062,has_cci,5.860962846043818,57.60877052019077,52.32621391685706,419.17140824599585,117.99300145980436,322.7594,316.6482793571034,75.27144265281866
PA,Texture Paint- longer side/ For wall,texture paint longer side for wall,m2,40305.0,510.0,paint,,0.6456000000000001,kgCO2e/m2,789.9628,has_cci,6.673250937584634,169.94656500829873,180.41559503887058,419.17140824599585,137.05257532700725,634.07733,714.8246128144294,174.19851344870867
PA,Texture Paint -Grc jaali / For GRC Jaali,texture paint grc jaali for grc jaali,m2,5573.0,510.0,paint,,0.6456000000000001,kgCO2e/m2,789.9628,has_cci,6.673250937584634,195.58628443532947,202.47177553867658,419.17140824599585,150.515089446695,644.6766,763.2339484803726,195.66929695071835
PA,Texture Paint - RCC Chajja / Elevation beam,texture paint rcc chajja elevation beam,m2,11172.0,510.0,concrete,M20,21.3675,kgCO2e/m2,23.868,has_cci,3.213581836407091,151.6896339115354,144.33025753445094,48.90415969309186,92.4732315543847,40.767754,26.487191949750756,69.31945655815724
PA,M50 Grade of concrete,m50 grade of concrete,m3,1248.43,283.71144,concrete,M50,420.0,kgCO2e/m3,0.6755,has_cci,0.516111628195228,2.1047602758139514,2.751386245891616,2.243107022788595,3.3168332820356694,1.1671565,0.8513501079010446,1.9203095709158848
PA,M40 Grade of concrete,m40 grade of concrete,m3,6470.03,503.1459875000001,concrete,M40,381.5,kgCO2e/m3,1.3189,has_cci,0.8410929353082528,1.9824462906597282,2.852056840158602,4.42191781726542,2.882128968509613,1.4331367,1.0978263417951983,1.9271684421842217
PA,M35 Grade of concrete,m35 grade of concrete,m3,7499.23,514.5053425,concrete,M35,356.3,kgCO2e/m3,1.444,has_cci,0.8936360413093488,2.065801941415506,3.0591716973754606,4.42191781726542,2.882253044811673,1.4375489,1.2568375520500639,2.068591539708484
PA,M30 Grade of concrete,m30 grade of concrete,m3,31812.842236750013,510.3714374999999,concrete,M30,331.2,kgCO2e/m3,1.541,has_cci,0.932557704338027,1.8755104293931457,2.9673943473622533,4.42191781726542,3.0673331113622337,1.445622,1.6174598282155874,2.001243498202496
PA,M50 Grade of concrete - Over & above 2.05W Beam Qty,m50 grade of concrete over above 2 05w beam qty,m3,124.46,1689.34,concrete,M50,420.0,kgCO2e/m3,4.0222,has_cci,1.6138680847134157,3.9980095164111233,2.7402000359241945,2.243107022788595,4.1970624606386915,2.8559465,2.421076760942609,1.759117090768488
PA,M40 Grade of concrete - Over & above 2.05W Beam Qty,m40 grade of concrete over above 2 05w beam qty,m3,718.9,442.77,concrete,M40,381.5,kgCO2e/m3,1.1606,has_cci,0.7703859609007475,3.7664807078807856,2.8178128834565674,2.243107022788595,3.568960168237046,1.2806966,1.3880239516820696,1.6429263335269932
PA,M35 Grade of concrete - Over & above 2.05W Beam Qty,m35 grade of concrete over above 2 05w beam qty,m3,858.25,183.13,concrete,M35,356.3,kgCO2e/m3,0.514,has_cci,0.41475515501525706,3.8895504333951667,3.016244620700382,2.243107022788595,3.5372808418898156,1.0680213,1.1476214581559256,1.6496830462532093
PA,SD1 - 2.40m x 2.350m & SD1a - 2.40m x 2.25m,sd1 2 40m x 2 350m sd1a 2 40m x 2 25m,m2,5275.2,5178.0,concrete,M35,26.7225,kgCO2e/m2,193.7693,has_cci,5.271815781252704,78.20007873458958,69.3948303432983,32.88546388778363,79.87031274425256,120.802,146.93681528142207,78.22221994044702
PA,W1- 2.4 x 2.25,w1 2 4 x 2 25,m2,11534.4,5178.0,concrete,M35,26.7225,kgCO2e/m2,193.7693,has_cci,5.271815781252704,126.81439309254085,121.0340832190974,32.88546388778363,113.84624814415028,144.25056,175.1871823967248,123.40684167486913
PA,W2- 1.8 x 1.2 for Staircase & FCR,w2 1 8 x 1 2 for staircase fcr,m2,80.68,5178.0,concrete,M35,26.7225,kgCO2e/m2,193.7693,has_cci,5.271815781252704,105.31533388070176,82.82744762429927,193.9485896155926,107.34612811541554,163.6885,101.70755590906738,61.329648198472114
PA,W3- 1.2 x 1.25-Kitchen& Utility,w3 1 2 x 1 25 kitchen utility,m2,751.5,5178.0,concrete,M35,26.7225,kgCO2e/m2,193.7693,has_cci,5.271815781252704,153.99711382318222,141.9670192761851,193.96852086888174,146.97218139248992,215.98206,199.3807594239049,147.11103064581908
PA,W4- 1.425 x 1.25 for Utility,w4 1 425 x 1 25 for utility,m2,406.125,5178.0,concrete,M35,26.7225,kgCO2e/m2,193.7693,has_cci,5.271815781252704,143.68997117702577,124.45142992273533,193.96852086888174,141.64629463815612,187.15643,175.2924584572362,99.75947267691006
PA,W8- 1.625 x 1.25- For Utility,w8 1 625 x 1 25 for utility,m2,197.031,5178.0,concrete,M35,26.7225,kgCO2e/m2,193.7693,has_cci,5.271815781252704,151.24670926563243,129.80603202191585,193.96852086888174,144.54062583415146,206.47127,187.6748659261987,104.73887019104033
PA,W6- 0.8 x 2.25-Bedroom,w6 0 8 x 2 25 bedroom,m2,660.6,5178.0,concrete,M35,26.7225,kgCO2e/m2,193.7693,has_cci,5.271815781252704,155.41308571290784,143.03844616020623,193.96852086888174,147.65289906858507,222.03561,200.37366489440075,148.33429373783653
PA,W6a - 0.8 x 1.25- Bedroom,w6a 0 8 x 1 25 bedroom,m2,135.0,5202.0,concrete,M35,26.7225,kgCO2e/m2,194.6674,has_cci,5.276416279023492,173.9064259056958,156.87899389719848,28.480383384127425,154.57321806992212,207.5355,211.01372549748422,164.773496906898
PA,W6b - 0.7 x 1.25- Bedroom,w6b 0 7 x 1 25 bedroom,m2,57.75,5202.0,concrete,M35,26.7225,kgCO2e/m2,194.6674,has_cci,5.276416279023492,184.5904861796747,164.75451528698747,193.9485896155926,154.0531245673623,223.23882,215.30597834920212,174.49752468851636
PA,W7- 0.75 x 1.6m- Bedroom/Lobby(AC ledge Access Door),w7 0 75 x 1 6m bedroom lobby ac ledge access door,m2,456.0,5178.0,concrete,M35,26.7225,kgCO2e/m2,193.7693,has_cci,5.271815781252704,93.13960377712687,80.1250662277055,193.96852086888174,106.09686531655949,161.65532,170.86310250452303,92.60606637396752
PA,W7a-0.75 x 1.85- Utility(AC Ledge Access Door),w7a 0 75 x 1 85 utility ac ledge access door,m2,188.7,5202.0,concrete,M35,26.7225,kgCO2e/m2,194.6674,has_cci,5.276416279023492,99.17183205436895,84.36904665629491,193.96852086888174,112.23479501063093,166.24123,178.82758066456904,98.39085672914705
PA,W7b-0.70 x 1.85- Utility(AC Ledge Access Door),w7b 0 70 x 1 85 utility ac ledge access door,m2,309.56,5202.0,concrete,M35,26.7225,kgCO2e/m2,194.6674,has_cci,5.276416279023492,95.74386723642314,81.96309464787817,193.96852086888174,112.04070600688982,165.17943,174.42665171074822,95.10502759679756
PA,W9- 0.7 x 1.6- Living/Dining(AC Ledge Access Door),w9 0 7 x 1 6 living dining ac ledge access door,m2,77.27999999999999,5178.0,concrete,M35,26.7225,kgCO2e/m2,193.7693,has_cci,5.271815781252704,105.63511509701478,88.86585478247224,193.9485896155926,121.76326294082573,189.59935,186.22492000305544,104.57570466624955
PA,V1- 0.9 x 0.75,v1 0 9 x 0 75,m2,532.58,5178.0,concrete,M35,26.7225,kgCO2e/m2,193.7693,has_cci,5.271815781252704,92.11498299311272,79.3994280945271,193.96852086888174,108.69984775452583,170.33905,169.40945153190972,91.62222514809685
PA,V2- 0.75 x 0.6,v2 0 75 x 0 6,m2,778.95,5178.0,concrete,M35,26.7225,kgCO2e/m2,193.7693,has_cci,5.271815781252704,89.65120613472378,77.64868523383811,193.96852086888174,105.8142978351004,155.31529,165.79624668100087,89.25496797027864
PA,W11(2.2X1.15),w11 2 2x1 15,m2,94.16,5178.0,concrete,M35,26.7225,kgCO2e/m2,193.7693,has_cci,5.271815781252704,104.17435020306297,87.85390404538656,193.9485896155926,121.5468198334184,187.31027,184.65574415081588,103.17902900848436
PA,W14(5.2x1.15),w14 5 2x1 15,m2,7.08,5178.0,concrete,M35,26.7225,kgCO2e/m2,193.7693,has_cci,5.271815781252704,124.18917218962922,101.51602902453794,193.9485896155926,119.79042789157425,188.09328,201.14893613241418,122.26120628353456
PA,Supply & laying of 50mm Thk Thermocoal between the layers of 250Micron LDPE sheet for thermal insulation of Raft concrete. Rate is also inclusive of apply of 1 coat of Fosroc curing compound over the raft before the placing of thermal insulation. Maintaining the thermal insulation over the period of 14 days such that covering is intact with raft.,supply laying of thk thermocoal between the layers of 250micron ldpe sheet for thermal insulation of raft concrete rate is also inclusive of apply of 1 coat of fosroc curing compound over the raft before the placing of thermal insulation maintaining the thermal insulation over the period of 14 days such that covering is intact with raft,m2,5700.0,170.0,insulation,,2.79,kgCO2e/m2,60.9319,has_cci,4.126035394279128,74.73767073944269,84.25011203572686,81.59777611164108,63.08813960113554,63.834557,55.03598178099255,65.66384483309214
PA,"Change in Specification:
Providing , placing and fixing in position 25mm board of supreme make -CAPCELL HD100  at all expansion joints and separation joints at all levels and wherever specified to the required sizes, shapes, etc., complete.",change in specification providing placing and fixing in position board of supreme make capcell hd100 at all expansion joints and separation joints at all levels and wherever specified to the required sizes shapes etc complete,m2,350.0,878.6,concrete,M35,26.7225,kgCO2e/m2,32.8787,has_cci,3.52278649832749,49.03201474585115,51.94678586867746,77.75118946814429,43.82064951848475,39.18577,36.43737724076121,44.35508069014054
PA,Providing & laying Plumbing Groove Packing with Cement Mortar 1:4 mixing. Rate shall remain intact for all width & depth of grooves for all levels. Location - Toilets & Utility.,providing laying plumbing groove packing with cement mortar 1 4 mixing rate shall remain intact for all width depth of grooves for all levels location toilets utility,m,38410.29,73.0,mortar,,0.208,kgCO2e/kg_per_kg_review,350.9615,has_cci,5.863521794616216,188.8658535045169,153.49148774722758,208.18240119418527,79.8160598367253,325.5918,317.4853471831554,204.10032204443726
PA,2.4 M Length,2 4 m length,m2,1921.0,11624.635866736076,concrete,M10,17.46,kgCO2e/m2,665.7867,has_cci,6.502470204666917,101.84964503183046,100.22481794022208,81.59777611164108,124.86953020871017,330.94342,213.9126942438997,135.97445802142056
PA,3.05 M Length,3 05 m length,m2,498.0,11926.745983935743,concrete,M10,17.46,kgCO2e/m2,683.0897,has_cci,6.528089049375284,112.12861356069565,108.4591333101742,343.7535466096226,165.2658146460466,560.93146,231.1824171517094,149.16086506876798
PA,3.35 M Length,3 35 m length,m2,547.0,11762.198354661792,concrete,M10,17.46,kgCO2e/m2,673.6654,has_cci,6.514216864267128,111.38255139331017,107.86612460961814,343.7535466096226,165.40427882859174,562.75757,230.032543153454,148.2074095351071
PA,"Supplying, providing, fabricating and erecting Structural  steel  members in position at all levels and at all heights as specified in the drawing made out of standard MS section conforming to IS 226/2062/800.  Cost to include fabricating necessary Gusset Plates, Stiffener Plates, Chequered Plate, Brackets, Bolts, Cleats, seating angles, MS Plates, MS Grating and consumables etc., to the required  size, shape, alignments etc, as per drawing,. The rate shall include for necessary anvhoring alignment to the walls and fixing on concrete bed, cost to include welding of members using structral welding electrodes as per IS 814/815/816, a coat of anti -corrosive primer (non falmmable) to the exposed surfaces, testing as per IS  7307 (PART 1) , necessary equipment, tools and tackles, staging , scaffolding required etc., complete. the rate to include two coats of enamel   paint over a coat of zinc chromate primer. Complete as per the drawing.
Location : Refuge slab @ T01-18F & 27F . BASIC Price : AS per contract. ",supplying providing fabricating and erecting structural steel members in position at all levels and at all heights as specified in the drawing made out of standard ms section conforming to is 226 2062 800 cost to include fabricating necessary gusset plates stiffener plates chequered plate brackets bolts cleats seating angles ms plates ms grating and consumables etc to the required size shape alignments etc as per drawing the rate shall include for necessary anvhoring alignment to the walls and fixing on concrete bed cost to include welding of members using structral welding electrodes as per is 814 815 816 a coat of anti corrosive primer non falmmable to the exposed surfaces testing as per is 7307 part 1 necessary equipment tools and tackles staging scaffolding required etc complete the rate to include two coats of enamel paint over a coat of zinc chromate primer complete as per the drawing location refuge slab t01 18f 27f basic price as per contract,ton,25.75053930288293,132792.8,steel,Fe500,1720.0,kgCO2e/ton,77.2051,has_cci,4.3593348628160085,83.9629410253821,90.84316197603749,343.7535466096226,80.5883862781482,87.314735,69.75362098396104,96.99771701285891
PA,"Fire rated Intumescent/vermiculite paint( 2 Hrs Fire painting)
Supplying and applying light weight vermiculite gypsum/portland  cement based wet mix  spray to structural steel elements to get fire protected  up to 120 minutes , by certified applicator. Applied thickness to suit structural steel size and relevant Hp/A calculation. Subrate must be clean , dry and free from dust, or any other condition preventing good adhesion. Subrate shall be treated with adhesive key coat / primer  prior to spray application as required. The vermiculate spray material  used shall  pass all the the necessary testing criteria required foe fire rating as per the IBC/NBC/BS/AS/DIN/ASTM/  etc and shall be applied with necessary priming of the surface to get the attractive, monolithic, trovelled finish which  is durable and economical. The treated surface shall be with amonolithic spary with hydraulic set and trovelled finish  with no cracks or delamination's, no erosion,  no spalling etc and des not promote corrosion of steel . Rate to include  for scaffolding & all as directed by  consultant/EIC.     ",fire rated intumescent vermiculite paint 2 hrs fire painting supplying and applying light weight vermiculite gypsum portland cement based wet mix spray to structural steel elements to get fire protected up to 120 minutes by certified applicator applied thickness to suit structural steel size and relevant hp a calculation subrate must be clean dry and free from dust or any other condition preventing good adhesion subrate shall be treated with adhesive key coat primer prior to spray application as required the vermiculate spray material used shall pass all the the necessary testing criteria required foe fire rating as per the ibc nbc bs as din astm etc and shall be applied with necessary priming of the surface to get the attractive monolithic trovelled finish which is durable and economical the treated surface shall be with amonolithic spary with hydraulic set and trovelled finish with no cracks or delamination s no erosion no spalling etc and des not promote corrosion of steel rate to include for scaffolding all as directed by consultant eic,m2,5778.0,224.82506666666663,steel,Fe500,1.72,kgCO2e/kg_per_kg_review,130.7122,has_cci,4.880619239234906,82.50255564334188,109.91360028598169,81.59777611164108,128.69188600145395,134.49931,118.1749418082608,104.6774580513566
PA,12mm Dia Rebar,dia rebar,nos,72.0,500.0,steel,Fe500,1.72,kgCO2e/kg,290.6977,has_cci,5.675717992029426,186.51050807429135,210.82523416032151,343.7535466096226,114.01105716038954,271.73965,315.55355674841354,279.258435788368
PA,16mm Dia Rebar,dia rebar,nos,82.0,600.0,steel,Fe500,1.72,kgCO2e/kg,348.8372,has_cci,5.85746790341382,184.81772635117483,209.25395037918628,343.7535466096226,114.24586578072567,275.73444,315.4496543196094,276.8297278274769
PA,"Drilling of 280mm dia bore hole at all kinds of strata upto 12 mtr depth 1000mm c/c with specified deign spacing. Cost is inclusive of tools and tackles, complete as directed by EIC",drilling of dia bore hole at all kinds of strata upto depth c c with specified deign spacing cost is inclusive of tools and tackles complete as directed by eic,m,817.45,1028.5,paint,,2.152,kgCO2e/kg_per_kg_review,477.9275,has_cci,6.171549228961553,482.1260977819465,341.37860916099197,343.7535466096226,101.92295167494729,472.17657,432.45236067026843,282.16976183470837
PA,Grouting of annular space of the micro pile using cement with non shrink adhesive etc.. (Including cost of Material).,grouting of annular space of the micro pile using cement with non shrink adhesive etc including cost of material,m,412.5,704.0,paint,,2.152,kgCO2e/kg_per_kg_review,327.1375,has_cci,5.793432727858378,312.83754851050736,214.4444478995216,343.7535466096226,83.93698973648445,329.7414,295.7894323137521,219.85422603293028
PA,Laying of M-20 grade Concrete for Micro pile inside complete. Site Mix/RMC.,laying of m 20 grade concrete for micro pile inside complete site mix rmc,m3,25.05,7040.0,concrete,M20,284.9,kgCO2e/m3,24.7104,has_cci,3.2468955793053516,14.994670988110238,18.858213737338193,24.040175718805337,16.673034638815125,23.569578,22.256811209863596,16.918145956229623
PA,Shortcrete:Providing and laying of 50mm thk shotcrete with 1:2:1 grout (as per IS 9012) by fastening 50x50x2.8 mm MS weld mesh with as specified in dwg etc… Complete as directed by the EIC,shortcrete providing and laying of thk shotcrete with 1 2 1 grout as per is 9012 by fastening 50x50x2 ms weld mesh with as specified in dwg etc complete as directed by the eic,m2,1821.51,1397.0,concrete,M20,14.245,kgCO2e/m2,98.0695,has_cci,4.595821624035693,120.50093894603609,138.3300460426538,208.18240119418527,76.50640293257361,99.429695,88.63802407260157,77.28871342785521
PA,Basement - 2 (for Basement beyond Tower),basement 2 for basement beyond tower,m3,405.0,5584.0,concrete,M25,301.8,kgCO2e/m3,18.5023,has_cci,2.970532407332247,20.002074618758158,23.93395879263905,18.54547507036142,19.156142998313058,17.6502,16.64982605064999,14.742403575698727
PA,Basement - 1 (for Basement beyond Tower),basement 1 for basement beyond tower,m3,405.0,5584.0,concrete,M25,301.8,kgCO2e/m3,18.5023,has_cci,2.970532407332247,20.002074618758158,23.93395879263905,18.54547507036142,19.156142998313058,17.6502,16.64982605064999,14.742403575698727
CPWD,Providing and laying PCC M10 using batching plant including formwork wherever necessary,providing and laying pcc m10 using batching plant including formwork wherever necessary,m3,1.0,5420.0,concrete,M10,232.8,kgCO2e/m3,23.2818,has_cci,3.189727098534037,22.720350933434606,25.57766933901404,20.132129063530282,21.839422657173227,23.487915,24.600298297601057,23.390382559993057
CPWD,Providing and laying PCC M15 using batching plant including formwork wherever necessary,providing and laying pcc m15 using batching plant including formwork wherever necessary,m3,1.0,5890.0,concrete,M15,268.1,kgCO2e/m3,21.9694,has_cci,3.1341628953324197,21.836084054148543,24.00659754879551,20.132129063530282,21.572551070802533,21.381323,24.37424141897614,22.363882241091837
CPWD,Providing and laying PCC M20 using batching plant,providing and laying pcc m20 using batching plant,m3,1.0,6240.0,concrete,M20,284.9,kgCO2e/m3,21.9024,has_cci,3.131241708562141,20.234576166566434,28.44210626775537,23.589910011268646,20.773734526259304,22.07751,24.315410015843707,24.318307758324536
CPWD,Providing and laying RCC M20 in foundation including formwork and curing,providing and laying rcc m20 in foundation including formwork and curing,m3,1.0,6650.0,concrete,M20,284.9,kgCO2e/m3,23.3415,has_cci,3.1921827126120386,27.625884943794684,26.638971041388015,23.589910011268646,21.742686744124885,23.677923,25.90219359792326,23.52701281296081
CPWD,Providing and laying RCC M25 in columns beams and slabs including formwork and curing,providing and laying rcc m25 in columns beams and slabs including formwork and curing,m3,1.0,7120.0,concrete,M25,301.8,kgCO2e/m3,23.5918,has_cci,3.2024130540370797,26.6959765371532,24.807499192874243,23.589910011268646,23.27807310745909,22.95549,25.267666876043577,22.183963554566176
CPWD,Providing and laying RCC M30 in columns beams and slabs including formwork and curing,providing and laying rcc m30 in columns beams and slabs including formwork and curing,m3,1.0,7680.0,concrete,M30,331.2,kgCO2e/m3,23.1884,has_cci,3.1858731794000774,25.6635029953403,23.281954065465552,23.589910011268646,23.28603878160345,22.34619,25.291487563279812,21.535937187488166
CPWD,Providing and laying RCC M35 using ready mix concrete including pumping and curing,providing and laying rcc m35 using ready mix concrete including pumping and curing,m3,1.0,8340.0,concrete,M35,356.3,kgCO2e/m3,23.4072,has_cci,3.194878170738248,11.90367576138296,17.280275213166345,23.589910011268646,23.64584052860012,24.376886,25.0046579755345,18.987182846688366
CPWD,Providing and laying RCC M40 using ready mix concrete including pumping and curing,providing and laying rcc m40 using ready mix concrete including pumping and curing,m3,1.0,9120.0,concrete,M40,381.5,kgCO2e/m3,23.9056,has_cci,3.215092677782932,11.422641853880604,16.199682918240075,23.589910011268646,23.459201881651786,23.151798,25.030778504054844,18.428511269337978
CPWD,Providing and laying RCC M45 using ready mix concrete including pumping and curing,providing and laying rcc m45 using ready mix concrete including pumping and curing,m3,1.0,10200.0,concrete,M45,400.0,kgCO2e/m3,25.5,has_cci,3.2771447329921766,10.959540326612059,15.18296710735126,23.589910011268646,23.402409507737577,23.161888,25.13376045094622,17.885455395998164
CPWD,Providing and laying PCC M5 lean concrete for blinding,providing and laying pcc m5 lean concrete for blinding,m3,1.0,4180.0,concrete,M5,150.6,kgCO2e/m3,27.7556,has_cci,3.358832530884386,7.386668764929608,13.908829838054949,20.132129063530282,20.938735248089618,25.786175,25.021979000338217,13.393653129510197
CPWD,Providing and laying screed concrete M15 50mm thick,providing and laying screed concrete m15 50mm thick,m2,1.0,320.0,concrete,M15,20.1075,kgCO2e/m2,15.9145,has_cci,2.8281712422332608,39.977959011549075,45.87443893135943,21.065325530492913,36.357974294508224,23.241365,20.153850932978816,30.898614881708802
CPWD,Providing and laying screed concrete M20 75mm thick,providing and laying screed concrete m20 75mm thick,m2,1.0,485.0,concrete,M20,21.367499999999996,kgCO2e/m2,22.698,has_cci,3.1653906563945484,38.45034873140017,43.10357487446948,21.065325530492913,36.61411761457706,23.462334,20.446949114155313,28.09966642752513
CPWD,Providing brick masonry in cement mortar 1:4 in superstructure,providing brick masonry in cement mortar 1:4 in superstructure,m3,1.0,3840.0,brick,,383.4,kgCO2e/m3,10.0156,has_cci,2.3993124499464753,10.598390782228341,11.982648806508193,7.1180527376787275,14.843968746837916,9.551436,10.251429202519182,9.84114922227617
CPWD,Providing brick masonry in cement mortar 1:6 in foundation,providing brick masonry in cement mortar 1:6 in foundation,m3,1.0,3520.0,brick,,383.4,kgCO2e/m3,9.181,has_cci,2.3205232381250585,10.598390782228341,11.982648806508193,7.1180527376787275,14.843968746837916,9.551436,10.251429202519182,9.84114922227617
CPWD,Providing brick masonry in cement mortar 1:4 in superstructure above plinth,providing brick masonry in cement mortar 1:4 in superstructure above plinth,m3,1.0,3840.0,masonry,,383.4,kgCO2e/m3,10.0156,has_cci,2.3993124499464753,10.598390782228341,11.982648806508193,7.1180527376787275,14.843968746837916,9.551436,10.251429202519182,9.84114922227617
CPWD,Providing 12mm cement plaster 1:6 on walls,providing 12mm cement plaster 1:6 on walls,m2,1.0,98.0,plaster,,4.76,kgCO2e/m2,20.5882,has_cci,3.0721468691196336,50.81885484649212,45.4773523689768,26.3980573252259,47.00069545060857,31.497093,33.07135915475698,45.219556541198614
CPWD,Providing 20mm cement plaster 1:4 on walls,providing 20mm cement plaster 1:4 on walls,m2,1.0,142.0,plaster,,4.76,kgCO2e/m2,29.8319,has_cci,3.428549868283253,50.81885484649212,45.4773523689768,26.3980573252259,47.00069545060857,31.497093,33.07135915475698,45.219556541198614
CPWD,Providing 12mm gypsum plaster on walls,providing 12mm gypsum plaster on walls,m2,1.0,165.0,plaster,,4.76,kgCO2e/m2,34.6639,has_cci,3.5741389726916233,69.24171302404885,67.1786845251679,59.910349701347776,55.81590434670984,56.080288,54.40088306783894,56.92062851404577
CPWD,Providing 2 coats plastic emulsion paint on walls,providing 2 coats plastic emulsion paint on walls,m2,1.0,86.0,paint,,0.6456000000000001,kgCO2e/m2,133.2094,has_cci,4.899401266793954,130.3332007051345,128.41976766008858,26.3980573252259,81.72005287735183,106.587166,120.46579424989028,109.40989883866837
CPWD,Providing 3 coats oil bound distemper on walls,providing 3 coats oil bound distemper on walls,m2,1.0,72.0,paint,,0.6456000000000001,kgCO2e/m2,111.5242,has_cci,4.723168309622508,69.24171302404885,67.1786845251679,59.910349701347776,55.81590434670984,56.080288,54.40088306783894,56.92062851404577
CPWD,Providing 2 coats exterior weather proof emulsion paint,providing 2 coats exterior weather proof emulsion paint,m2,1.0,118.0,paint,,0.6456000000000001,kgCO2e/m2,182.7757,has_cci,5.213715992258474,186.93089332342515,251.94485859480713,59.910349701347776,114.54139828991472,181.41217,202.19280771183116,253.78230843017474
CPWD,Providing and fixing vitrified tiles 600x600mm in flooring,providing and fixing vitrified tiles 600x600mm in flooring,m2,1.0,620.0,tile,,17.512,kgCO2e/m2,35.4043,has_cci,3.5946868995338073,87.17970657192826,62.4638609043137,59.910349701347776,48.47731370749604,35.1547,31.94257143699398,42.14130852775321
CPWD,Providing and fixing ceramic tiles 300x300mm in flooring,providing and fixing ceramic tiles 300x300mm in flooring,m2,1.0,380.0,tile,,17.512,kgCO2e/m2,21.6994,has_cci,3.1223384924199715,87.17970657192826,62.4638609043137,59.910349701347776,48.47731370749604,35.1547,31.94257143699398,42.14130852775321
CPWD,Providing and fixing granite stone slab 18mm thick in flooring,providing and fixing granite stone slab 18mm thick in flooring,m2,1.0,1840.0,tile,,17.512,kgCO2e/m2,105.0708,has_cci,4.664106795678057,99.7571652734201,70.00209179573397,59.910349701347776,52.93358563703873,62.760002,57.019492609372925,58.190149246239486
CPWD,Providing structural steel members fabricated and erected,providing structural steel members fabricated and erected,ton,1.0,87500.0,steel,,1720.0,kgCO2e/ton,50.8721,has_cci,3.9487810733737394,75.79224033305947,48.30022561424379,59.910349701347776,58.03508985282119,50.103836,45.9430989625366,36.2856329044283
CPWD,Providing TMT steel reinforcement Fe500 grade,providing tmt steel reinforcement fe500 grade,ton,1.0,68000.0,steel,,1720.0,kgCO2e/ton,39.5349,has_cci,3.7021633314328035,70.73853229199435,40.267623940094964,59.910349701347776,48.02227366545848,48.15767,40.94895276143437,45.05313886082038
CPWD,Providing and fixing aluminium sections powder coated,providing and fixing aluminium sections powder coated,kg,1.0,285.0,aluminium,,6.669,kgCO2e/kg,42.735,has_cci,3.7781486968718183,90.68866622613886,50.68069596649898,59.910349701347776,49.62313466155029,39.56528,38.59439402123343,26.641496517969838
CPWD,Providing and laying cement mortar 1:4 for bedding,providing and laying cement mortar 1:4 for bedding,m3,1.0,4200.0,mortar,,416.0,kgCO2e/m3,10.0962,has_cci,2.406602707363429,16.286109874538074,20.32365634541978,20.132129063530282,19.736394751940185,13.250529,11.265923624244806,17.81260234758229
CPWD,Providing mineral wool thermal insulation 50mm thick,providing mineral wool thermal insulation 50mm thick,m2,1.0,380.0,insulation,,2.79,kgCO2e/m2,136.2007,has_cci,4.9214448173195855,92.08186435258422,109.90300043719996,59.910349701347776,98.1891376612447,127.95853,123.11695280163009,138.5169407931318
CPWD,Providing and fixing toughened glass 10mm thick in partitions,providing and fixing toughened glass 10mm thick in partitions,m2,1.0,1850.0,glass,,35.925000000000004,kgCO2e/m2,51.4962,has_cci,3.9607407860255694,99.7571652734201,70.00209179573397,59.910349701347776,52.93358563703873,62.760002,57.019492609372925,58.190149246239486
CPWD,Providing and laying RCC M25 in raft foundation,providing and laying rcc m25 in raft foundation,m3,1.0,7350.0,concrete,M25,301.8,kgCO2e/m3,24.3539,has_cci,3.2329325643579323,17.728450602263813,17.69581404879911,24.040175718805337,22.847891893625935,22.160713,21.93697267458422,19.402747947988548
CPWD,Providing and laying RCC M30 in retaining walls,providing and laying rcc m30 in retaining walls,m3,1.0,7890.0,concrete,M30,331.2,kgCO2e/m3,23.8225,has_cci,3.2117504999256123,13.13529188181109,12.983161437342192,24.040175718805337,22.839849859384877,21.261023,22.77879453443892,17.102102314647585
CPWD,Providing and laying RCC M30 in staircase,providing and laying rcc m30 in staircase,m3,1.0,8120.0,concrete,M30,331.2,kgCO2e/m3,24.5169,has_cci,3.2393409777438715,17.03027591613032,16.59065822521744,24.040175718805337,22.86520231182164,21.62813,22.173612762705023,18.83246070611876
CPWD,Providing and laying RCC M25 in columns all floors,providing and laying rcc m25 in columns all floors,m3,1.0,7420.0,concrete,M25,301.8,kgCO2e/m3,24.5858,has_cci,3.242037510089493,18.41517993181905,21.1259673201009,24.040175718805337,23.008546422208205,23.684696,22.95087911877768,21.496800045440384
CPWD,Providing and laying RCC M30 in beams all floors,providing and laying rcc m30 in beams all floors,m3,1.0,7750.0,concrete,M30,331.2,kgCO2e/m3,23.3998,has_cci,3.194574935544251,17.691404781220932,19.818046650139056,24.040175718805337,23.022751015546103,23.050941,23.085648213711778,20.86798092354973
CPWD,Providing and laying RCC M30 in slabs all floors,providing and laying rcc m30 in slabs all floors,m3,1.0,7600.0,concrete,M30,331.2,kgCO2e/m3,22.9469,has_cci,3.1758388791536416,17.691404781220932,19.818046650139056,24.040175718805337,23.022751015546103,23.050941,23.085648213711778,20.86798092354973
CPWD,Providing and laying RCC M35 in shear walls and core walls,providing and laying rcc m35 in shear walls and core walls,m3,1.0,8560.0,concrete,M35,356.3,kgCO2e/m3,24.0247,has_cci,3.2198633371174394,12.130101387348391,11.52563762880123,23.589910011268646,23.510677258269574,23.87957,21.645235882607945,14.8895917154884
CPWD,Providing and laying PCC M10 under foundations,providing and laying pcc m10 under foundations,m3,1.0,5280.0,concrete,M10,232.8,kgCO2e/m3,22.6804,has_cci,3.1646477017650305,20.566428652431014,26.81632715381273,20.132129063530282,21.205954833709665,22.716993,22.324270924455995,22.90892681681901
CPWD,Providing 15mm sand faced cement plaster on external walls,providing 15mm sand faced cement plaster on external walls,m2,1.0,178.0,plaster,,4.76,kgCO2e/m2,37.395,has_cci,3.647927242782507,50.818854846492144,45.4773523689768,26.3980573252259,47.00069545060857,31.497093,33.07135915475698,45.219556541198614
