source,description,description_clean,unit_clean,quantity,rate,material,grade,emission_factor,ef_unit,cci,cci_label,log_cci,split
PA,up to 3.00m depth,up to 3 00m depth,m3,51888.74,131.0,concrete,M20,284.9,kgCO2e/m3,0.4598,has_cci,0.37829944003539484,train
PA,3.00m to 6.00m depth,3 00m to 6 00m depth,m3,51340.526,149.0,concrete,M20,284.9,kgCO2e/m3,0.523,has_cci,0.4206820739130248,train
PA,6.00m to 9.00m depth,6 00m to 9 00m depth,m3,34269.227000000006,168.0,concrete,M20,284.9,kgCO2e/m3,0.5897,has_cci,0.46354531918468905,train
PA,9.00m to 12.00m depth,9 00m to 12 00m depth,m3,6002.941,184.0,concrete,M20,284.9,kgCO2e/m3,0.6458,has_cci,0.4982265881894755,train
PA,"Same as item No - 1.01 but for general excavation in Hard rock/ boulders (more than 1/2 Cum in size -Un-poclainable) by chiselling/ wedging to the required level & depth including all leads and lifts, using serviceable excavated material within plot at approved location , de-watering of both ground and surface water, removal of slurry generated while excavation and keeping the area free of water with necessary shoring, strutting, stepping, dressing, grading required  for keeping earth in position, excavating loose pockets and compacting them after back filling as directed etc. as per detailed specification and conforming to safety rules during progress of the work.  
Note:PCC area shall be considered for measurement (Working space & provision of slopes if required for execution shall not be paid separately. Mode of measurrement shall be by joint measurements/ levels before and after excavation).",same as item no 1 01 but for general excavation in hard rock boulders more than 1 2 cum in size un poclainable by chiselling wedging to the required level depth including all leads and lifts using serviceable excavated material within plot at approved location de watering of both ground and surface water removal of slurry generated while excavation and keeping the area free of water with necessary shoring strutting stepping dressing grading required for keeping earth in position excavating loose pockets and compacting them after back filling as directed etc as per detailed specification and conforming to safety rules during progress of the work note pcc area shall be considered for measurement working space provision of slopes if required for execution shall not be paid separately mode of measurrement shall be by joint measurements levels before and after excavation,m3,2374.61,3634.0,concrete,M20,284.9,kgCO2e/m3,12.7554,has_cci,2.621431474288137,train
PA,"Excavation in all types of soil including dense soil, disintegrated/ weathered/ soft rock (Poclainable) for Footings of columns, Retaining walls, Core walls, catch pits, Lift pits, trenches for drains, etc., by mechanical means including manual excavation for leveling, dressing the edges, with all leads and lifts.Dewatering of both ground and surface water, removal of slurry generated while excavation and keeping the area free of water with necessary shoring, struting, required for keeping earth in position etc,  Rate to include disposing the excess earth and spreading in layers to the required levels within the site wherever specified . 
Note:PCC area shall be considered for measurement (Working space & provision of slopes if required for execution shall not be paid separately).",excavation in all types of soil including dense soil disintegrated weathered soft rock poclainable for footings of columns retaining walls core walls catch pits lift pits trenches for drains etc by mechanical means including manual excavation for leveling dressing the edges with all leads and lifts dewatering of both ground and surface water removal of slurry generated while excavation and keeping the area free of water with necessary shoring struting required for keeping earth in position etc rate to include disposing the excess earth and spreading in layers to the required levels within the site wherever specified note pcc area shall be considered for measurement working space provision of slopes if required for execution shall not be paid separately,m3,4890.156,213.0,concrete,M20,284.9,kgCO2e/m3,0.7476,has_cci,0.5582434180951438,train
PA,"Same as Item (1.02) but for excavation in Hard rock / boulders (more than 1/2 Cum in size -un poclainable) by chiseling/ wedging to required level for footings, trenches, rafts, catch pits, drains etc. to the required depth including all leads and lifts, using serviceable excavated material within plot at approved location as directed, dressing, grading, cleaning, excavating loose pockets and compacting them after backfilling as directed etc. as per detailed specification and conforming to safety rules of Authority during the progress of work.  
Note:PCC area shall be considered for measurement (Working space & provision of slopes if required for execution shall not be paid separately. Mode of measurrement shall be by joint measurements/ levels before and after excavation).",same as item 1 02 but for excavation in hard rock boulders more than 1 2 cum in size un poclainable by chiseling wedging to required level for footings trenches rafts catch pits drains etc to the required depth including all leads and lifts using serviceable excavated material within plot at approved location as directed dressing grading cleaning excavating loose pockets and compacting them after backfilling as directed etc as per detailed specification and conforming to safety rules of authority during the progress of work note pcc area shall be considered for measurement working space provision of slopes if required for execution shall not be paid separately mode of measurrement shall be by joint measurements levels before and after excavation,m3,81.75999999999999,3761.0,concrete,M20,284.9,kgCO2e/m3,13.2011,has_cci,2.6533194263957056,train
PA, With excavated earth available at site,with excavated earth available at site,m3,16746.92,135.0,concrete,M20,284.9,kgCO2e/m3,0.4739,has_cci,0.3879119488605752,train
PA, With approved quality earth brought from outside (Cost to include royalty charges),with approved quality earth brought from outside cost to include royalty charges,m3,165.0,372.0,concrete,M20,284.9,kgCO2e/m3,1.3057,has_cci,0.8353843179804306,train
PA,"Providing and laying in position 150mm thick soling with sand cushion of 50mm thick including the cost of sandcushion, Base preparation by Mechanical compaction, using granite hand broken metal/ Rubble and smaller pebbles for void filling, moorum for binding as directed by the Engineer-in-charge including watering,packing, compaction etc., below Grade Slab",providing and laying in position thick soling with sand cushion of thick including the cost of sandcushion base preparation by mechanical compaction using granite hand broken metal rubble and smaller pebbles for void filling moorum for binding as directed by the engineer in charge including watering packing compaction etc below grade slab,m2,140.0,422.0,tile,,17.512,kgCO2e/m2,24.0978,has_cci,3.2227801928939144,train
PA,Basement - 3 (for Basement beyond Tower),basement 3 for basement beyond tower,m3,58.22518035039505,5822.0,concrete,M35,356.3,kgCO2e/m3,16.3402,has_cci,2.853027505311254,train
PA,Basement 3,basement 3,m3,7.68,7559.0,concrete,M50,420.0,kgCO2e/m3,17.9976,has_cci,2.9443126553984555,train
PA,Basement 2,basement 2,m3,3.6,7559.0,concrete,M50,420.0,kgCO2e/m3,17.9976,has_cci,2.9443126553984555,train
PA,Club House Terrace,club house terrace,m3,90.0,5584.0,concrete,M25,301.8,kgCO2e/m3,18.5023,has_cci,2.970532407332247,train
PA,Basement 1,basement 1,m3,1290.0,7559.0,concrete,M50,420.0,kgCO2e/m3,17.9976,has_cci,2.9443126553984555,train
PA,Ground Floor,ground floor,m3,63.375049609736735,7559.0,concrete,M50,420.0,kgCO2e/m3,17.9976,has_cci,2.9443126553984555,train
PA,First Floor,first floor,m3,443.65531757500025,5643.0,concrete,M30,331.2,kgCO2e/m3,17.038,has_cci,2.892480643743516,train
PA,Second Floor,second floor,m3,450.8299925750002,5643.0,concrete,M30,331.2,kgCO2e/m3,17.038,has_cci,2.892480643743516,train
PA,Third Floor,third floor,m3,450.8299925750002,5643.0,concrete,M30,331.2,kgCO2e/m3,17.038,has_cci,2.892480643743516,train
PA,Fourth Floor,fourth floor,m3,450.8299925750002,5643.0,concrete,M30,331.2,kgCO2e/m3,17.038,has_cci,2.892480643743516,train
PA,Fifth Floor,fifth floor,m3,450.8299925750002,5643.0,concrete,M30,331.2,kgCO2e/m3,17.038,has_cci,2.892480643743516,train
PA,Sixth Floor,sixth floor,m3,450.8299925750002,5643.0,concrete,M30,331.2,kgCO2e/m3,17.038,has_cci,2.892480643743516,train
PA,Seventh Floor,seventh floor,m3,450.8299925750002,5643.0,concrete,M30,331.2,kgCO2e/m3,17.038,has_cci,2.892480643743516,train
PA,Eight Floor,eight floor,m3,450.8299925750002,5643.0,concrete,M30,331.2,kgCO2e/m3,17.038,has_cci,2.892480643743516,train
PA,Ninth Floor,ninth floor,m3,450.8299925750002,5643.0,concrete,M30,331.2,kgCO2e/m3,17.038,has_cci,2.892480643743516,train
PA,Tenth Floor,tenth floor,m3,450.8299925750002,5643.0,concrete,M30,331.2,kgCO2e/m3,17.038,has_cci,2.892480643743516,train
PA,Eleventh Floor,eleventh floor,m3,459.3656650000001,5643.0,concrete,M30,331.2,kgCO2e/m3,17.038,has_cci,2.892480643743516,train
PA,Twelfth Floor,twelfth floor,m3,459.3656650000001,5643.0,concrete,M30,331.2,kgCO2e/m3,17.038,has_cci,2.892480643743516,train
PA,Thirteenth Floor,thirteenth floor,m3,459.3656650000001,5643.0,concrete,M30,331.2,kgCO2e/m3,17.038,has_cci,2.892480643743516,train
PA,Fourteenth Floor,fourteenth floor,m3,459.3656650000001,5643.0,concrete,M30,331.2,kgCO2e/m3,17.038,has_cci,2.892480643743516,train
PA,Fifteenth Floor,fifteenth floor,m3,459.3656650000001,5643.0,concrete,M30,331.2,kgCO2e/m3,17.038,has_cci,2.892480643743516,train
PA,Sixteenth Floor,sixteenth floor,m3,459.3656650000001,5643.0,concrete,M30,331.2,kgCO2e/m3,17.038,has_cci,2.892480643743516,train
PA,Seventeenth Floor,seventeenth floor,m3,459.3656650000001,5643.0,concrete,M30,331.2,kgCO2e/m3,17.038,has_cci,2.892480643743516,train
PA,Eighteenth Floor,eighteenth floor,m3,510.3056650000001,5643.0,concrete,M30,331.2,kgCO2e/m3,17.038,has_cci,2.892480643743516,train
PA,Nineteenth Floor,nineteenth floor,m3,459.3656650000001,5643.0,concrete,M30,331.2,kgCO2e/m3,17.038,has_cci,2.892480643743516,train
PA,Twentieth Floor,twentieth floor,m3,459.3656650000001,5643.0,concrete,M30,331.2,kgCO2e/m3,17.038,has_cci,2.892480643743516,train
PA,Twenty First Floor,twenty first floor,m3,459.3656650000001,5643.0,concrete,M30,331.2,kgCO2e/m3,17.038,has_cci,2.892480643743516,train
PA,Twenty Second Floor,twenty second floor,m3,459.3656650000001,5643.0,concrete,M30,331.2,kgCO2e/m3,17.038,has_cci,2.892480643743516,train
PA,Twenty Third Floor,twenty third floor,m3,459.3656650000001,5643.0,concrete,M30,331.2,kgCO2e/m3,17.038,has_cci,2.892480643743516,train
PA,Twenty Fourth Floor,twenty fourth floor,m3,459.3656650000001,5643.0,concrete,M30,331.2,kgCO2e/m3,17.038,has_cci,2.892480643743516,train
PA,Twenty Fifth Floor,twenty fifth floor,m3,459.3656650000001,5643.0,concrete,M30,331.2,kgCO2e/m3,17.038,has_cci,2.892480643743516,train
PA,Twenty Sixth Floor,twenty sixth floor,m3,459.3656650000001,5643.0,concrete,M30,331.2,kgCO2e/m3,17.038,has_cci,2.892480643743516,train
PA,Twenty Seventh Floor,twenty seventh floor,m3,459.3656650000001,5643.0,concrete,M30,331.2,kgCO2e/m3,17.038,has_cci,2.892480643743516,train
PA,Twenty Eighth Floor,twenty eighth floor,m3,510.3056650000001,5643.0,concrete,M30,331.2,kgCO2e/m3,17.038,has_cci,2.892480643743516,train
PA,Twenty Ninth Floor,twenty ninth floor,m3,459.3656650000001,5643.0,concrete,M30,331.2,kgCO2e/m3,17.038,has_cci,2.892480643743516,train
PA,Thirtyeth Floor,thirtyeth floor,m3,459.3656650000001,5643.0,concrete,M30,331.2,kgCO2e/m3,17.038,has_cci,2.892480643743516,train
PA,Thirty First Floor,thirty first floor,m3,459.3656650000001,5643.0,concrete,M30,331.2,kgCO2e/m3,17.038,has_cci,2.892480643743516,train
PA,Thirty Second Floor,thirty second floor,m3,459.3656650000001,5643.0,concrete,M30,331.2,kgCO2e/m3,17.038,has_cci,2.892480643743516,train
PA,Thirty Three Floor,thirty three floor,m3,459.3656650000001,5643.0,concrete,M30,331.2,kgCO2e/m3,17.038,has_cci,2.892480643743516,train
PA,Terrace,terrace,m3,465.0986700000001,5643.0,concrete,M30,331.2,kgCO2e/m3,17.038,has_cci,2.892480643743516,train
PA,Above Terrace,above terrace,m3,331.61810125,5643.0,concrete,M30,331.2,kgCO2e/m3,17.038,has_cci,2.892480643743516,train
PA,"Raft Foundation for Tower columns, Core walls, Retaining walls",raft foundation for tower columns core walls retaining walls,m3,10041.1333,5643.0,concrete,M30,331.2,kgCO2e/m3,17.038,has_cci,2.892480643743516,train
PA,"Footings for Podium columns, Core walls, Retaining walls",footings for podium columns core walls retaining walls,m3,1565.1500716332378,5584.0,concrete,M25,301.8,kgCO2e/m3,18.5023,has_cci,2.970532407332247,train
PA,"Grade slab of 250mm / 300 mm thickness, including the folds for catch basins, ramp drains or wherever specified at 4th Basement level. 
",grade slab of thickness including the folds for catch basins ramp drains or wherever specified at 4th basement level,m3,2037.5155802292263,5584.0,concrete,M25,301.8,kgCO2e/m3,18.5023,has_cci,2.970532407332247,train
PA,Retaining walls - Grade M25,retaining walls grade m25,m3,1830.0,5584.0,concrete,M25,301.8,kgCO2e/m3,18.5023,has_cci,2.970532407332247,train
PA,Ramp Beam - Grade M25,ramp beam grade m25,m3,69.0,5584.0,concrete,M25,301.8,kgCO2e/m3,18.5023,has_cci,2.970532407332247,train
PA,Ramp slab - Grade M25,ramp slab grade m25,m3,160.0,5584.0,concrete,M25,301.8,kgCO2e/m3,18.5023,has_cci,2.970532407332247,train
PA,RCC Parapet / upstand at all levels of specified thickness - Grade M25,rcc parapet upstand at all levels of specified thickness grade m25,m3,425.0,5584.0,concrete,M25,301.8,kgCO2e/m3,18.5023,has_cci,2.970532407332247,train
PA,Bottom slab,bottom slab,m3,375.0,5643.0,concrete,M30,331.2,kgCO2e/m3,17.038,has_cci,2.892480643743516,train
PA,Walls,walls,m3,250.0,5643.0,concrete,M30,331.2,kgCO2e/m3,17.038,has_cci,2.892480643743516,train
PA,Top slab,top slab,m3,69.0,5643.0,concrete,M30,331.2,kgCO2e/m3,17.038,has_cci,2.892480643743516,train
PA,Plat Form slab,plat form slab,m3,91.0,5643.0,concrete,M30,331.2,kgCO2e/m3,17.038,has_cci,2.892480643743516,train
PA,Wall,wall,m3,58.5,5643.0,concrete,M30,331.2,kgCO2e/m3,17.038,has_cci,2.892480643743516,train
PA,Staircase at all floors & heights,staircase at all floors heights,m3,167.36,5633.0,concrete,M25,301.8,kgCO2e/m3,18.6647,has_cci,2.9788251502372765,train
PA,Chejjas / Lofts,chejjas lofts,m3,10.0,5633.0,concrete,M25,301.8,kgCO2e/m3,18.6647,has_cci,2.9788251502372765,train
PA,RCC Brackets / Fins / Ledges at all levels,rcc brackets fins ledges at all levels,m3,10.0,5633.0,concrete,M25,301.8,kgCO2e/m3,18.6647,has_cci,2.9788251502372765,train
PA,Electrical High Mast,electrical high mast,m3,15.0,5633.0,concrete,M25,301.8,kgCO2e/m3,18.6647,has_cci,2.9788251502372765,train
PA,Bottom Slab,bottom slab,m3,141.11903999999998,5584.0,concrete,M25,301.8,kgCO2e/m3,18.5023,has_cci,2.970532407332247,train
PA,RCC Walls,rcc walls,m3,205.48973066666665,5584.0,concrete,M25,301.8,kgCO2e/m3,18.5023,has_cci,2.970532407332247,train
PA,Ground floor,ground floor,m3,1002.3976375000004,7559.0,concrete,M50,420.0,kgCO2e/m3,17.9976,has_cci,2.9443126553984555,train
PA,1F-5F,1f 5f,m3,5127.1991125,6093.0,concrete,M40,381.5,kgCO2e/m3,15.9712,has_cci,2.8315177897690686,train
PA,6F-11F,6f 11f,m3,5890.765700000001,5822.0,concrete,M35,356.3,kgCO2e/m3,16.3402,has_cci,2.853027505311254,train
PA,12F-Terrace,12f terrace,m3,19885.088355000004,5643.0,concrete,M30,331.2,kgCO2e/m3,17.038,has_cci,2.892480643743516,train
PA,1F-Terrace,1f terrace,m3,4841.062117750001,5643.0,concrete,M30,331.2,kgCO2e/m3,17.038,has_cci,2.892480643743516,train
PA,GF-Terrace,gf terrace,m3,875.9563529999997,5643.0,concrete,M30,331.2,kgCO2e/m3,17.038,has_cci,2.892480643743516,train
PA,"Raft for columns, Core walls, Retaining walls",raft for columns core walls retaining walls,m2,4121.3078000000005,401.0,concrete,M30,66.24,kgCO2e/m2,6.0537,has_cci,1.9535523018479488,train
PA,"Grade slab of 200mm thickness, including the folds for catch basins, ramp drains or wherever specified at 4th Basement level. ",grade slab of thickness including the folds for catch basins ramp drains or wherever specified at 4th basement level,m2,100.0,375.0,concrete,M30,66.24,kgCO2e/m2,5.6612,has_cci,1.896299648501979,train
PA,Retaining walls,retaining walls,m2,13148.134,479.0,concrete,M30,66.24,kgCO2e/m2,7.2313,has_cci,2.1079439609025465,train
PA,Ramp Beam,ramp beam,m2,975.0,752.0,concrete,M30,24.84,kgCO2e/m2,30.2738,has_cci,3.442780686312298,train
PA,Ramp slab,ramp slab,m2,965.0,665.0,concrete,M30,41.4,kgCO2e/m2,16.0628,has_cci,2.836900655208192,train
PA,RCC Parapet / upstand at all levels of specified thickness,rcc parapet upstand at all levels of specified thickness,m2,4425.0,479.0,concrete,M30,24.84,kgCO2e/m2,19.2834,has_cci,3.009802817530773,train
PA,Staircase at all floors & heights.,staircase at all floors heights,m2,1285.0,622.0,concrete,M30,24.84,kgCO2e/m2,25.0403,has_cci,3.2596453380113326,train
PA,Lintels  ,lintels,m2,1255.0,686.0,concrete,M30,24.84,kgCO2e/m2,27.6167,has_cci,3.353990463497061,train
PA,Chejjas/Lofts,chejjas lofts,m2,100.0,655.0,concrete,M30,24.84,kgCO2e/m2,26.3688,has_cci,3.3094036784670218,train
PA,RCC Brackets/Fins/Ledges at all levels,rcc brackets fins ledges at all levels,m2,150.0,686.0,concrete,M30,24.84,kgCO2e/m2,27.6167,has_cci,3.353990463497061,train
PA,"DG, Chillers, Pump & Transfo Foundations",dg chillers pump transfo foundations,m2,150.0,517.0,concrete,M30,24.84,kgCO2e/m2,20.8132,has_cci,3.082515291138263,train
PA,Ground floor to 33rd floor,ground floor to 33rd floor,m2,27430.618875,532.0,plaster,,4.76,kgCO2e/m2,111.7647,has_cci,4.725303346824586,train
PA,For Terrace,for terrace,m2,4625.0,719.0,concrete,M20,21.3675,kgCO2e/m2,33.6492,has_cci,3.545274637346292,train
PA,"Protective layer(Horizontal ) :  Providing & Laying M20 grade screed concrete to required slope admix with intergral waterproofing compound Conplast WL  of FOSROC make or Equivalent at the dosage of 125ml/bag of cement over waterproofing layer to a minimum thickness of 50mm as per site requirement, cost for labour charge. Treatment shall be provided from standard manufacturers like BASF, SIKA, FOSROC or equivalent.
",protective layer horizontal providing laying m20 grade screed concrete to required slope admix with intergral waterproofing compound conplast wl of fosroc make or equivalent at the dosage of 125ml bag of cement over waterproofing layer to a minimum thickness of as per site requirement cost for labour charge treatment shall be provided from standard manufacturers like basf sika fosroc or equivalent,m2,1420.0,727.0,concrete,M20,14.245,kgCO2e/m2,51.0355,has_cci,3.951926177960732,train
PA,STP-Internal,stp internal,m2,3200.0,376.0,concrete,M20,21.3675,kgCO2e/m2,17.5968,has_cci,2.9229895229073066,train
PA,"Providing and laying vacuum dewatered flooring M20 Grade of 100mm thickness  laid and vibrated with double beam screed vibrator till  achieving optimum  compaction and leveling. The vibrated surface is then leveled using a straight edge. A system of lower mats & top mat is laid on the green concrete & this is attached to a vacuum pump to draw  out surplus water if any. The concrete is left to stiffen. When the base concrete has stiffened to the point, Floor Hardener is applied at an even application rate of between 5-7 Kg/Sqmt. The concrete shall be  further compacted and leveled using Power Floater followed by finishing as per the requirement using Power Trowel (excludes ramp area). The rate to include curing, protecting the concrete floor etc., complete. Grooves (4mm X10mm) shall be provided for a bay size of 4m X 4m & grooves and filling the grooves with Sealent (Colpor - 200 from Fosroc chemicals or Poly sulphide sealant (Pedilite / BASF or equivalent).. For Parking Area",providing and laying vacuum dewatered flooring m20 grade of thickness laid and vibrated with double beam screed vibrator till achieving optimum compaction and leveling the vibrated surface is then leveled using a straight edge a system of lower mats top mat is laid on the green concrete this is attached to a vacuum pump to draw out surplus water if any the concrete is left to stiffen when the base concrete has stiffened to the point floor hardener is applied at an even application rate of between 5 7 kg sqmt the concrete shall be further compacted and leveled using power floater followed by finishing as per the requirement using power trowel excludes ramp area the rate to include curing protecting the concrete floor etc complete grooves x10mm shall be provided for a bay size of 4m x 4m grooves and filling the grooves with sealent colpor 200 from fosroc chemicals or poly sulphide sealant pedilite basf or equivalent for parking area,m2,40141.2,761.0,concrete,M20,28.49,kgCO2e/m2,26.7111,has_cci,3.3218330549473265,train
PA,"Providing & laying M20 grade controlled cement concrete IPS flooring of  average 50mm thk IPS floor concrete (Broom Finish) with power floating using 12mm downsize aggregates laid in panels not exceeding 2.5 SMT in area laid to proper level/slope etc. Rate to include curing & protection etc complete., with all lead and lift and as directed Architect/Engineer in charge. including grooves of edge at the edge of the treads of size 5mm X 30mm.and grooves to be filled with polyurethane sealant.  - For Ramps",providing laying m20 grade controlled cement concrete ips flooring of average thk ips floor concrete broom finish with power floating using downsize aggregates laid in panels not exceeding 2 5 smt in area laid to proper level slope etc rate to include curing protection etc complete with all lead and lift and as directed architect engineer in charge including grooves of edge at the edge of the treads of size x and grooves to be filled with polyurethane sealant for ramps,m2,2262.0,415.0,concrete,M20,14.245,kgCO2e/m2,29.133,has_cci,3.4056209167219347,train
PA,"Providing & laying minimum 75mm thick granolithic flooring laid in panels, with M15 grade concrete (20mm down aggregate) and top surface shall be finished with 1:1.5 granolithic mix base (1 cement: 1.5 parts granite chips 10mm and down) including laying in panels, consolidating, curing etc. complete.  The rate also to include finishing the top with mechanical float as per specifications and instructions. Measurements shall be considered as floor area only. ",providing laying minimum thick granolithic flooring laid in panels with m15 grade concrete down aggregate and top surface shall be finished with 1 1 5 granolithic mix base 1 cement 1 5 parts granite chips and down including laying in panels consolidating curing etc complete the rate also to include finishing the top with mechanical float as per specifications and instructions measurements shall be considered as floor area only,m2,1500.0,546.0,concrete,M15,20.1075,kgCO2e/m2,27.154,has_cci,3.3376894404057738,train
PA,"Providing and laying Cement  Screed Concrete Flooring average of 50mm thick for the shaft over chequered plate of specified thickness in cement concrete 1:2:4 using 12mm and down graded aggregates to be finished,  includes compacting, curing, antiskid grooves,  etc., complete  with all leads and lifts at all levels, and as per the instructions of Engineer in Charge .(Chequered plate will be paid in relevant item)",providing and laying cement screed concrete flooring average of thick for the shaft over chequered plate of specified thickness in cement concrete 1 2 4 using and down graded aggregates to be finished includes compacting curing antiskid grooves etc complete with all leads and lifts at all levels and as per the instructions of engineer in charge chequered plate will be paid in relevant item,m2,968.0,258.0,concrete,M20,14.245,kgCO2e/m2,18.1116,has_cci,2.950295480545384,train
PA,"Providing and fixing at parking wall to wall expansion joint Kantaflex model no. – WD-1 for 25mm in accordance with the Structural drawing and specifications. The system is proprietary design consisting of aluminum profiles. The expansion joint includes aluminum clip, aluminum cover plate and supporting isolated gasket for wall to wall condition. The cover plate snaps into the clip provided with isolated gasket on cover edges for better fitment on the wall with no slipping down tendency. The system should be fixed with appropriate anchors and fasteners and the exposed surface match the adjacent finishes. Aluminum to conform as per ASTM B221 for extrusion alloy 6063-T5.                                                                                                                                                     Cost to include drilling and fixing of extrusions using heavy duty anchor bolts, and sealing the joints capable of withstanding repeated extensions, compressions, and cyclic movement without lot of adhesion and resist deterioration by weathering, sunlight, ozone, water, salt water, oil, fuels, acids and most of the commonly used acids, etc., ",providing and fixing at parking wall to wall expansion joint kantaflex model no wd 1 for in accordance with the structural drawing and specifications the system is proprietary design consisting of aluminum profiles the expansion joint includes aluminum clip aluminum cover plate and supporting isolated gasket for wall to wall condition the cover plate snaps into the clip provided with isolated gasket on cover edges for better fitment on the wall with no slipping down tendency the system should be fixed with appropriate anchors and fasteners and the exposed surface match the adjacent finishes aluminum to conform as per astm b221 for extrusion alloy 6063 t5 cost to include drilling and fixing of extrusions using heavy duty anchor bolts and sealing the joints capable of withstanding repeated extensions compressions and cyclic movement without lot of adhesion and resist deterioration by weathering sunlight ozone water salt water oil fuels acids and most of the commonly used acids etc,m,75.0,3674.0,aluminium,,6.669,kgCO2e/kg_per_kg_review,550.9072,has_cci,6.313379916201997,train
PA,"Brick Masonry: Providing & constructing brick masonry in cement mortar 1:6 using defectless,sharp edged first quality table moulded well burnt bricks of strength minimum 35 kg/sqcm, Uniform size, approved quality bricks adequately soaked in water before use for super structure, piers & architectural features etc., including  racking etc., complete at all level as directed by Engineer for: 
a) 230mm thk.",brick masonry providing constructing brick masonry in cement mortar 1 6 using defectless sharp edged first quality table moulded well burnt bricks of strength minimum 35 kg sqcm uniform size approved quality bricks adequately soaked in water before use for super structure piers architectural features etc including racking etc complete at all level as directed by engineer for a thk,m3,15.0,7054.0,brick,,383.4,kgCO2e/m3,18.3985,has_cci,2.96519574349234,train
PA,"Specification & scope of work same as above but for 115mm thk but in cement mortor 1:4 & by providing a concrete band of 75mm thick with 2nos. Tor 8 longitudinal bars and Tor 8 at 200c/c transverse reinforcement at every twelfth course with M15 grade concrete mix including shuttering etc complete. The rate is inclusive of cost for cutting, bending & placing of reinforcement steel with all leads and lifts.",specification scope of work same as above but for thk but in cement mortor 1 4 by providing a concrete band of thick with 2nos tor 8 longitudinal bars and tor 8 at 200c c transverse reinforcement at every twelfth course with m15 grade concrete mix including shuttering etc complete the rate is inclusive of cost for cutting bending placing of reinforcement steel with all leads and lifts,m2,15.0,1082.0,concrete,M15,30.8315,kgCO2e/m2,35.094,has_cci,3.5861266465391064,train
PA,"Size Stone Masonry: Providing and constructing Size stone masonry in CM 1:4 using granite/ trap stones, in courses not less than 150mm high edges of stones hammer ressed through bond stones every 1.5m to 2.0m intervals, joints between stones packed with spalls and cement mortar, exposed joints of stone masonry neatly racked to a depth of 25mm for receiving pointing with necessary tools and plant etc. complete. The masonry shall be so constructed such that the percentage of cement mortar shall not be more than 30% of the total volume of masonry.
a) In foundation & plinth.",size stone masonry providing and constructing size stone masonry in cm 1 4 using granite trap stones in courses not less than high edges of stones hammer ressed through bond stones every 1 5m to 2 0m intervals joints between stones packed with spalls and cement mortar exposed joints of stone masonry neatly racked to a depth of for receiving pointing with necessary tools and plant etc complete the masonry shall be so constructed such that the percentage of cement mortar shall not be more than 30 of the total volume of masonry a in foundation plinth,m3,128.0,5006.0,mortar,,416.0,kgCO2e/m3,12.0337,has_cci,2.5675383109198124,train
PA,"Providing & application of one coat of Gypsum plaster - Buildon or equivalent over one coat of bonding adhesive - Suraksha Bondit on ceilings, Beams & Columns to make the perfect line & plumb as per the site requirement. However, at any given place thickness shall not be less than 6mm-8mm. Rates also including surface preparation, cleaning of debris, shifitng & carting away from the site premises & dumping away from the project premises as per the pollution control board norms, etc., complete as per the instructions of Engineer In Charge.",providing application of one coat of gypsum plaster buildon or equivalent over one coat of bonding adhesive suraksha bondit on ceilings beams columns to make the perfect line plumb as per the site requirement however at any given place thickness shall not be less than rates also including surface preparation cleaning of debris shifitng carting away from the site premises dumping away from the project premises as per the pollution control board norms etc complete as per the instructions of engineer in charge,m2,255441.290625,320.0,plaster,,4.76,kgCO2e/m2,67.2269,has_cci,4.222838915235574,train
PA,Lobby area,lobby area,m2,2012.581,128.0,plaster,,4.76,kgCO2e/m2,26.8908,has_cci,3.3282968853441868,train
PA,Coarse Putty Works for Balconies ceiling and walls,coarse putty works for balconies ceiling and walls,m2,15843.3671875,128.0,plaster,,4.76,kgCO2e/m2,26.8908,has_cci,3.3282968853441868,train
PA,"Coarse Putty Works for Internal apartment ceiling, common area, staircase walls & ceilings",coarse putty works for internal apartment ceiling common area staircase walls ceilings,m2,84638.25,128.0,plaster,,4.76,kgCO2e/m2,26.8908,has_cci,3.3282968853441868,train
PA,"Providing & rendering 20mm thick sand faced cement plaster on all external block/RCC walls upto all heights consisting of min 12mm thick backing coat of CM 1:4 with addition of approved water proof compound at the rate of 2% by weight of cement & 8mm thick finishing coat using sponge in CM 1:6, including expansion grooves, drip mould, forming pattis, plaster surround, bands etc if any including curing, scaffolding at all levels. The work shall be true to plumb, line & level.",providing rendering thick sand faced cement plaster on all external block rcc walls upto all heights consisting of min thick backing coat of cm 1 4 with addition of approved water proof compound at the rate of 2 by weight of cement thick finishing coat using sponge in cm 1 6 including expansion grooves drip mould forming pattis plaster surround bands etc if any including curing scaffolding at all levels the work shall be true to plumb line level,m2,2763.0,526.0,concrete,M20,5.698,kgCO2e/m2,92.3131,has_cci,4.535960505285435,train
PA,"Preparing the surface, Providing & applying Plastering to masonry wall, , 12mm thick in single coat to Service shafts, ducts,  etc.,  in CM 1:6 (1 cement: 6 fine sand) finish at all levels,  including  curing fixing of 150mm wide GI plaster mesh Ariptha or equivalent of approved make in the junctions of the masonry & RCC work wherever applicable as per manufacturer's specifications, plastering the mesh in CM 1:2,   The work shall include cost of materials, labour, curing, all lead and lifts at all levels, loading and unloading, scaffolding and all other incidental charges etc., complete and as directed by the Engineer-in-charge. ",preparing the surface providing applying plastering to masonry wall thick in single coat to service shafts ducts etc in cm 1 6 1 cement 6 fine sand finish at all levels including curing fixing of wide gi plaster mesh ariptha or equivalent of approved make in the junctions of the masonry rcc work wherever applicable as per manufacturer s specifications plastering the mesh in cm 1 2 the work shall include cost of materials labour curing all lead and lifts at all levels loading and unloading scaffolding and all other incidental charges etc complete and as directed by the engineer in charge,m2,2470.0,386.0,concrete,M20,3.4188,kgCO2e/m2,112.9051,has_cci,4.735365645570119,train
PA,"Providing  & applying rough plastering  in CM 1:6, 12mm thick for walls, fixing tiles, granite slabs, marble etc. to line and plumb for walls including scarifying the surface to receive the tiles for Dado backing, scaffolding, curing etc. complete at all levels.",providing applying rough plastering in cm 1 6 thick for walls fixing tiles granite slabs marble etc to line and plumb for walls including scarifying the surface to receive the tiles for dado backing scaffolding curing etc complete at all levels,m2,46835.77142857143,350.0,plaster,,4.76,kgCO2e/m2,73.5294,has_cci,4.311193678411714,train
PA,STP & UG Sump pump room,stp ug sump pump room,m2,425.0,415.0,concrete,M20,21.3675,kgCO2e/m2,19.422,has_cci,3.016612751133346,train
PA,"Tandur Flooring - Cut to Size : Providing & fixing 18mm-20mm Tandur stone flooring laid over a minimum of 20mm thick CM 1:5 with edge chamfer, curing etc,. Complete.
Location: STP ( Tread, Riser, landing) ",tandur flooring cut to size providing fixing tandur stone flooring laid over a minimum of thick cm 1 5 with edge chamfer curing etc complete location stp tread riser landing,m2,40.0,1812.0,concrete,M20,5.698,kgCO2e/m2,318.0063,has_cci,5.765210851806132,train
PA,For Refuge area,for refuge area,m2,2100.0,415.0,concrete,M20,21.3675,kgCO2e/m2,19.422,has_cci,3.016612751133346,train
PA,Specification & scope of work same as above but for Toilet Counter with 20mm lipping,specification scope of work same as above but for toilet counter with lipping,m2,2582.0,6504.0,concrete,M20,21.3675,kgCO2e/m2,304.3875,has_cci,5.721581462018916,train
PA,"Providing  & Laying Vitrified Tiles of Kajaria /Nitco or equivalent  reputed  make  600  x 600mm  size , 10mm  thick   Vitrified   tile  of   1st  class  quality  in  approved colors/shades   to  floor  in  required  position set  on  bed  of  cement  mortar  1:6  (1 Cement  :  6  Manufactured   Sand)  of minimum  20mm  thk incl cement slurry matching the design patterns, Joints to run continuous horizontally and vertically with 2mm spacers, leveling, lining, grouting the joints with cementatious grout of balendura/laticrete or equivalent make to match the colour of the tile, rubbing, washing, curing, cleaning and protecting finished surface from scratches, damage,stains and other damages at level with POP over bubbled polythene sheet or equivalent etc., complete. ",providing laying vitrified tiles of kajaria nitco or equivalent reputed make 600 x size thick vitrified tile of 1st class quality in approved colors shades to floor in required position set on bed of cement mortar 1 6 1 cement 6 manufactured sand of minimum thk incl cement slurry matching the design patterns joints to run continuous horizontally and vertically with spacers leveling lining grouting the joints with cementatious grout of balendura laticrete or equivalent make to match the colour of the tile rubbing washing curing cleaning and protecting finished surface from scratches damage stains and other damages at level with pop over bubbled polythene sheet or equivalent etc complete,m2,553.1800000000001,1125.0,tile,,17.512,kgCO2e/m2,64.2417,has_cci,4.178098835046673,train
PA,GL1 - 5.2 X 2.25,gl1 5 2 x 2 25,m2,365.89316400000007,5202.0,concrete,M20,21.3675,kgCO2e/m2,243.4538,has_cci,5.4990263340050785,train
PA,GL2 - 2.275 X 2.25,gl2 2 275 x 2 25,m2,59.73069375000001,5202.0,concrete,M20,21.3675,kgCO2e/m2,243.4538,has_cci,5.4990263340050785,train
PA,GL3 - 2.4 X 2.25,gl3 2 4 x 2 25,m2,110.902176,5202.0,concrete,M20,21.3675,kgCO2e/m2,243.4538,has_cci,5.4990263340050785,train
PA,GL4 - 6.075 X 2.25,gl4 6 075 x 2 25,m2,191.4007725,5202.0,concrete,M20,21.3675,kgCO2e/m2,243.4538,has_cci,5.4990263340050785,train
PA,GL5 - 2.2 X 2.25,gl5 2 2 x 2 25,m2,376.605306,5202.0,concrete,M20,21.3675,kgCO2e/m2,243.4538,has_cci,5.4990263340050785,train
PA,GL6 - 3.05 X 2.25,gl6 3 05 x 2 25,m2,3.203140500000001,5202.0,concrete,M20,21.3675,kgCO2e/m2,243.4538,has_cci,5.4990263340050785,train
PA,GL7 - 2.138 X 2.25,gl7 2 138 x 2 25,m2,8.98139592,5202.0,concrete,M20,21.3675,kgCO2e/m2,243.4538,has_cci,5.4990263340050785,train
PA,GL8 - 2.425 X 2.25,gl8 2 425 x 2 25,m2,5.0935185,5202.0,concrete,M20,21.3675,kgCO2e/m2,243.4538,has_cci,5.4990263340050785,train
PA,GL9 - 8.85 X 2.25,gl9 8 85 x 2 25,m2,18.58871700000001,5202.0,concrete,M20,21.3675,kgCO2e/m2,243.4538,has_cci,5.4990263340050785,train
PA,GL10 - 3.062 X 2.25,gl10 3 062 x 2 25,m2,6.431486040000001,5202.0,concrete,M20,21.3675,kgCO2e/m2,243.4538,has_cci,5.4990263340050785,train
PA,GL11 - 5.895 X 6.85,gl11 5 895 x 6 85,m2,99.94023405,5202.0,concrete,M20,21.3675,kgCO2e/m2,243.4538,has_cci,5.4990263340050785,train
PA,GL12 - 6.025 X 6.85,gl12 6 025 x 6 85,m2,102.14417475000002,5202.0,concrete,M20,21.3675,kgCO2e/m2,243.4538,has_cci,5.4990263340050785,train
PA,GL29 - 7.115 X 3.5,gl29 7 115 x 3 5,m2,32.735545800000004,5202.0,concrete,M20,21.3675,kgCO2e/m2,243.4538,has_cci,5.4990263340050785,train
PA,GL30 - 2.05 X 2.25,gl30 2 05 x 2 25,m2,2.1529305,5202.0,concrete,M20,21.3675,kgCO2e/m2,243.4538,has_cci,5.4990263340050785,train
PA,GL31 - 3.2X 3.5,gl31 3 2x 3 5,m2,7.361471999999999,5202.0,concrete,M20,21.3675,kgCO2e/m2,243.4538,has_cci,5.4990263340050785,train
PA,GL32 - 2.365 X 3.5,gl32 2 365 x 3 5,m2,5.440587900000001,5202.0,concrete,M20,21.3675,kgCO2e/m2,243.4538,has_cci,5.4990263340050785,train
PA,GL33 - 20.65 X 3.5,gl33 20 65 x 3 5,m2,47.50449900000001,5202.0,concrete,M20,21.3675,kgCO2e/m2,243.4538,has_cci,5.4990263340050785,train
PA,GL13 - 38.66 X 4.25,gl13 38 66 x 4 25,m2,328.67572199999995,5202.0,concrete,M20,21.3675,kgCO2e/m2,243.4538,has_cci,5.4990263340050785,train
PA,GL14 - 19.985 X 4.25,gl14 19 985 x 4 25,m2,84.95323725000002,5202.0,concrete,M20,21.3675,kgCO2e/m2,243.4538,has_cci,5.4990263340050785,train
PA,GL15 - 84.71 X 1.725,gl15 84 71 x 1 725,m2,146.15397495,5202.0,concrete,M20,21.3675,kgCO2e/m2,243.4538,has_cci,5.4990263340050785,train
PA,GL16 - 49.76 X 1.725,gl16 49 76 x 1 725,m2,85.8531672,5202.0,concrete,M20,21.3675,kgCO2e/m2,243.4538,has_cci,5.4990263340050785,train
PA,GL17 - 65.055 X 1.725,gl17 65 055 x 1 725,m2,112.24231897500002,5202.0,concrete,M20,21.3675,kgCO2e/m2,243.4538,has_cci,5.4990263340050785,train
PA,GL18 - 24.28 X 1.725,gl18 24 28 x 1 725,m2,41.8913766,5202.0,concrete,M20,21.3675,kgCO2e/m2,243.4538,has_cci,5.4990263340050785,train
PA,GL19 - 5.215 X 1.725,gl19 5 215 x 1 725,m2,17.99534835,5202.0,concrete,M20,21.3675,kgCO2e/m2,243.4538,has_cci,5.4990263340050785,train
PA,GL20 - 34.79 X 1.725,gl20 34 79 x 1 725,m2,60.02475255,5202.0,concrete,M20,21.3675,kgCO2e/m2,243.4538,has_cci,5.4990263340050785,train
PA,GL21 - 19.775 X 1.725,gl21 19 775 x 1 725,m2,34.118697375,5202.0,concrete,M20,21.3675,kgCO2e/m2,243.4538,has_cci,5.4990263340050785,train
PA,GL22 - 6.4 X 1.725,gl22 6 4 x 1 725,m2,11.042208,5202.0,concrete,M20,21.3675,kgCO2e/m2,243.4538,has_cci,5.4990263340050785,train
PA,GL23 - 10.905 X 1.725,gl23 10 905 x 1 725,m2,18.814887225,5202.0,concrete,M20,21.3675,kgCO2e/m2,243.4538,has_cci,5.4990263340050785,train
PA,GL24 - 6.49 X 1.725,gl24 6 49 x 1 725,m2,22.394978100000003,5202.0,concrete,M20,21.3675,kgCO2e/m2,243.4538,has_cci,5.4990263340050785,train
PA,GL25 - 9.025 X 1.725,gl25 9 025 x 1 725,m2,31.14247725000001,5202.0,concrete,M20,21.3675,kgCO2e/m2,243.4538,has_cci,5.4990263340050785,train
PA,GL26 - 8.58 X 1.725,gl26 8 58 x 1 725,m2,29.6069202,5202.0,concrete,M20,21.3675,kgCO2e/m2,243.4538,has_cci,5.4990263340050785,train
PA,GL27 (Refer drawing for dimensions),gl27 refer drawing for dimensions,m2,24.154830000000004,5202.0,concrete,M20,21.3675,kgCO2e/m2,243.4538,has_cci,5.4990263340050785,train
PA,GL28 - 20.65 X 1.88,gl28 20 65 x 1 88,m2,77.4529875,5202.0,concrete,M20,21.3675,kgCO2e/m2,243.4538,has_cci,5.4990263340050785,train
PA,"Supplying and fixing in position M.S.chequered plate 5mm thick  with necessary supports such as M.S. angles/M.S. flats including stiffeners to be placed on angle iron frame work. (Frame work, angles, stiffeners will be measured under relevant structural steel item). Rate shall include necessary scaffolding, making necessary cutouts for inserts, applying one coat of Zinc chromate/Phosphate primer and two coats of first quality synthetic enamel paint of approved make etc complete,as directed. AC Ledges",supplying and fixing in position m s chequered plate thick with necessary supports such as m s angles m s flats including stiffeners to be placed on angle iron frame work frame work angles stiffeners will be measured under relevant structural steel item rate shall include necessary scaffolding making necessary cutouts for inserts applying one coat of zinc chromate phosphate primer and two coats of first quality synthetic enamel paint of approved make etc complete as directed ac ledges,kg,170534.8345875,93.0,steel,Fe500,1.72,kgCO2e/kg,54.0698,has_cci,4.008601471526375,train
PA,"Providing  and applying  plastic  emulsion  paint for interiors  walls with 2 coats of Birla white   wall   putty   +1  coat   of  w/b   primer   and   two  coats   of   emulsion   paint   of asian/berger/jotun make, for walls of approved  colour.  And preparing  the surface  by cleaning/sanding, filling  up  the  cracks  with  crack  filler,  erecting  and  dismantling  of scaffolding  as & when  it is required,  finishing  the surface  with roller  etc., complete. Note: Contractor  shall arrange  for his own scaffolding  materials,  ladders  etc., legs of the  ladders  shall  be  covered  properly  with  gunny  bags  so  that  floor  does  not  get damaged. Floor shall be properly covered with plastic sheets to avoid spillage of paint while  applying  etc.,  complete   with  all  leads  &  lifts  at  all  levels  complete  and  as per the instructions of the Engineer in charge.",providing and applying plastic emulsion paint for interiors walls with 2 coats of birla white wall putty 1 coat of w b primer and two coats of emulsion paint of asian berger jotun make for walls of approved colour and preparing the surface by cleaning sanding filling up the cracks with crack filler erecting and dismantling of scaffolding as when it is required finishing the surface with roller etc complete note contractor shall arrange for his own scaffolding materials ladders etc legs of the ladders shall be covered properly with gunny bags so that floor does not get damaged floor shall be properly covered with plastic sheets to avoid spillage of paint while applying etc complete with all leads lifts at all levels complete and as per the instructions of the engineer in charge,m2,340057.2729,157.0,paint,,0.6456000000000001,kgCO2e/m2,243.1846,has_cci,5.497924496624982,train
PA,Lobby area upto sill 1.2 m,lobby area upto sill 1 2 m,m2,2012.59,157.0,paint,,0.6456000000000001,kgCO2e/m2,243.1846,has_cci,5.497924496624982,train
PA,"Providing and applying Plastic emulsion paint for interior ceiling  with 2 coats of Birla white putty +1 coat of w/b primer and two coats of  emulsion paint of asian/berger/jotun make,  of approved colour.  And preparing the surface by cleaning/sanding, filling up the cracks with crack filler, erecting and dismantling of scaffolding as & when it is required, finishing the surface with roller etc., complete. Note: Contractor shall arrange for his own scaffolding materials, ladders etc., legs of the ladders shall be covered properly with gunny bags so that floor does not get damaged. Floor shall be properly covered with plastic sheets to avoid spillage of paint while applying etc., complete  with all leads & lifts at all levels complete and as directed by Engineer-in-charge. ",providing and applying plastic emulsion paint for interior ceiling with 2 coats of birla white putty 1 coat of w b primer and two coats of emulsion paint of asian berger jotun make of approved colour and preparing the surface by cleaning sanding filling up the cracks with crack filler erecting and dismantling of scaffolding as when it is required finishing the surface with roller etc complete note contractor shall arrange for his own scaffolding materials ladders etc legs of the ladders shall be covered properly with gunny bags so that floor does not get damaged floor shall be properly covered with plastic sheets to avoid spillage of paint while applying etc complete with all leads lifts at all levels complete and as directed by engineer in charge,m2,89284.68900000001,157.0,paint,,0.6456000000000001,kgCO2e/m2,243.1846,has_cci,5.497924496624982,train
PA,"Providing and applying 2 coats of whitewash of approved make, over RCC/sponge plastered surface etc., including preparing  the  surface  by  cleaning  the  cement  mortar, cement concrete, removing  the dust/dirt/oil/grease, sanding, filling up the dents, cracks, undulations with crack filler of approved make, erecting and dismantling of scaffolding, curing etc., complete with all leads & lifts at all levels complete and as directed by Engineer-in-charge.",providing and applying 2 coats of whitewash of approved make over rcc sponge plastered surface etc including preparing the surface by cleaning the cement mortar cement concrete removing the dust dirt oil grease sanding filling up the dents cracks undulations with crack filler of approved make erecting and dismantling of scaffolding curing etc complete with all leads lifts at all levels complete and as directed by engineer in charge,m2,132232.0,77.0,concrete,M20,21.3675,kgCO2e/m2,3.6036,has_cci,1.526838606112199,train
PA,"Providing and applying 2 coats of Oil bound Distemper  of approved shade / colour / make over a  coat of w/b primer , The rate to include preparing the surface, required grinding, making good the surface,  scaffolding etc complete at all leads and lifts as per the instructions of the Engineer in charge.",providing and applying 2 coats of oil bound distemper of approved shade colour make over a coat of w b primer the rate to include preparing the surface required grinding making good the surface scaffolding etc complete at all leads and lifts as per the instructions of the engineer in charge,m2,54232.0,121.0,paint,,0.6456000000000001,kgCO2e/m2,187.4226,has_cci,5.238687312485087,train
PA,"Providing & applying 2 of Synthetic Enamle paint of approved make/shade with a coat of primer for Columns, Core walls & Retaining wall upto 1.2 mtr height. Rate includes surface preparation",providing applying 2 of synthetic enamle paint of approved make shade with a coat of primer for columns core walls retaining wall upto 1 height rate includes surface preparation,m2,2633.0,223.0,concrete,M20,56.98,kgCO2e/m2,3.9137,has_cci,1.5920272221743066,train
PA,"Providing  and applying  Weather  scheild external grade emulsion  paint of approved  color and make  to External  walls  and  after  plastered  surface  and finishing  with two coats  of primer,  and two  coats of paint including  cost of material,  labour,  scaffolding, making good the wall repairing the cracks with crack filler  etc., all complete  as  directed  by  the  Engineer   incharge.  Rate  to  include  application  at all heights  & levels,  surfaces  and textures.  Engineer  incharges'  approval  required  after each coat. Tenderer to submit sample to the Engineer incharges for approval. Paint material shall be anti fungus, anti flaky etc.",providing and applying weather scheild external grade emulsion paint of approved color and make to external walls and after plastered surface and finishing with two coats of primer and two coats of paint including cost of material labour scaffolding making good the wall repairing the cracks with crack filler etc all complete as directed by the engineer incharge rate to include application at all heights levels surfaces and textures engineer incharges approval required after each coat tenderer to submit sample to the engineer incharges for approval paint material shall be anti fungus anti flaky etc,m2,25036.44,226.0,paint,,0.6456000000000001,kgCO2e/m2,350.062,has_cci,5.860962846043818,train
PA,Texture Paint- longer side/ For wall,texture paint longer side for wall,m2,40305.0,510.0,paint,,0.6456000000000001,kgCO2e/m2,789.9628,has_cci,6.673250937584634,train
PA,Texture Paint -Grc jaali / For GRC Jaali,texture paint grc jaali for grc jaali,m2,5573.0,510.0,paint,,0.6456000000000001,kgCO2e/m2,789.9628,has_cci,6.673250937584634,train
PA,Texture Paint - RCC Chajja / Elevation beam,texture paint rcc chajja elevation beam,m2,11172.0,510.0,concrete,M20,21.3675,kgCO2e/m2,23.868,has_cci,3.213581836407091,train
PA,M50 Grade of concrete,m50 grade of concrete,m3,1248.43,283.71144,concrete,M50,420.0,kgCO2e/m3,0.6755,has_cci,0.516111628195228,train
PA,M40 Grade of concrete,m40 grade of concrete,m3,6470.03,503.1459875000001,concrete,M40,381.5,kgCO2e/m3,1.3189,has_cci,0.8410929353082528,train
PA,M35 Grade of concrete,m35 grade of concrete,m3,7499.23,514.5053425,concrete,M35,356.3,kgCO2e/m3,1.444,has_cci,0.8936360413093488,train
PA,M30 Grade of concrete,m30 grade of concrete,m3,31812.842236750013,510.3714374999999,concrete,M30,331.2,kgCO2e/m3,1.541,has_cci,0.932557704338027,train
PA,M50 Grade of concrete - Over & above 2.05W Beam Qty,m50 grade of concrete over above 2 05w beam qty,m3,124.46,1689.34,concrete,M50,420.0,kgCO2e/m3,4.0222,has_cci,1.6138680847134157,train
PA,M40 Grade of concrete - Over & above 2.05W Beam Qty,m40 grade of concrete over above 2 05w beam qty,m3,718.9,442.77,concrete,M40,381.5,kgCO2e/m3,1.1606,has_cci,0.7703859609007475,train
PA,M35 Grade of concrete - Over & above 2.05W Beam Qty,m35 grade of concrete over above 2 05w beam qty,m3,858.25,183.13,concrete,M35,356.3,kgCO2e/m3,0.514,has_cci,0.41475515501525706,train
PA,SD1 - 2.40m x 2.350m & SD1a - 2.40m x 2.25m,sd1 2 40m x 2 350m sd1a 2 40m x 2 25m,m2,5275.2,5178.0,concrete,M35,26.7225,kgCO2e/m2,193.7693,has_cci,5.271815781252704,train
PA,W1- 2.4 x 2.25,w1 2 4 x 2 25,m2,11534.4,5178.0,concrete,M35,26.7225,kgCO2e/m2,193.7693,has_cci,5.271815781252704,train
PA,W2- 1.8 x 1.2 for Staircase & FCR,w2 1 8 x 1 2 for staircase fcr,m2,80.68,5178.0,concrete,M35,26.7225,kgCO2e/m2,193.7693,has_cci,5.271815781252704,train
PA,W3- 1.2 x 1.25-Kitchen& Utility,w3 1 2 x 1 25 kitchen utility,m2,751.5,5178.0,concrete,M35,26.7225,kgCO2e/m2,193.7693,has_cci,5.271815781252704,train
PA,W4- 1.425 x 1.25 for Utility,w4 1 425 x 1 25 for utility,m2,406.125,5178.0,concrete,M35,26.7225,kgCO2e/m2,193.7693,has_cci,5.271815781252704,train
PA,W8- 1.625 x 1.25- For Utility,w8 1 625 x 1 25 for utility,m2,197.031,5178.0,concrete,M35,26.7225,kgCO2e/m2,193.7693,has_cci,5.271815781252704,train
PA,W6- 0.8 x 2.25-Bedroom,w6 0 8 x 2 25 bedroom,m2,660.6,5178.0,concrete,M35,26.7225,kgCO2e/m2,193.7693,has_cci,5.271815781252704,train
PA,W6a - 0.8 x 1.25- Bedroom,w6a 0 8 x 1 25 bedroom,m2,135.0,5202.0,concrete,M35,26.7225,kgCO2e/m2,194.6674,has_cci,5.276416279023492,train
PA,W6b - 0.7 x 1.25- Bedroom,w6b 0 7 x 1 25 bedroom,m2,57.75,5202.0,concrete,M35,26.7225,kgCO2e/m2,194.6674,has_cci,5.276416279023492,train
PA,W7- 0.75 x 1.6m- Bedroom/Lobby(AC ledge Access Door),w7 0 75 x 1 6m bedroom lobby ac ledge access door,m2,456.0,5178.0,concrete,M35,26.7225,kgCO2e/m2,193.7693,has_cci,5.271815781252704,train
PA,W7a-0.75 x 1.85- Utility(AC Ledge Access Door),w7a 0 75 x 1 85 utility ac ledge access door,m2,188.7,5202.0,concrete,M35,26.7225,kgCO2e/m2,194.6674,has_cci,5.276416279023492,train
PA,W7b-0.70 x 1.85- Utility(AC Ledge Access Door),w7b 0 70 x 1 85 utility ac ledge access door,m2,309.56,5202.0,concrete,M35,26.7225,kgCO2e/m2,194.6674,has_cci,5.276416279023492,train
PA,W9- 0.7 x 1.6- Living/Dining(AC Ledge Access Door),w9 0 7 x 1 6 living dining ac ledge access door,m2,77.27999999999999,5178.0,concrete,M35,26.7225,kgCO2e/m2,193.7693,has_cci,5.271815781252704,train
PA,V1- 0.9 x 0.75,v1 0 9 x 0 75,m2,532.58,5178.0,concrete,M35,26.7225,kgCO2e/m2,193.7693,has_cci,5.271815781252704,train
PA,V2- 0.75 x 0.6,v2 0 75 x 0 6,m2,778.95,5178.0,concrete,M35,26.7225,kgCO2e/m2,193.7693,has_cci,5.271815781252704,train
PA,W11(2.2X1.15),w11 2 2x1 15,m2,94.16,5178.0,concrete,M35,26.7225,kgCO2e/m2,193.7693,has_cci,5.271815781252704,train
PA,W14(5.2x1.15),w14 5 2x1 15,m2,7.08,5178.0,concrete,M35,26.7225,kgCO2e/m2,193.7693,has_cci,5.271815781252704,train
PA,Supply & laying of 50mm Thk Thermocoal between the layers of 250Micron LDPE sheet for thermal insulation of Raft concrete. Rate is also inclusive of apply of 1 coat of Fosroc curing compound over the raft before the placing of thermal insulation. Maintaining the thermal insulation over the period of 14 days such that covering is intact with raft.,supply laying of thk thermocoal between the layers of 250micron ldpe sheet for thermal insulation of raft concrete rate is also inclusive of apply of 1 coat of fosroc curing compound over the raft before the placing of thermal insulation maintaining the thermal insulation over the period of 14 days such that covering is intact with raft,m2,5700.0,170.0,insulation,,2.79,kgCO2e/m2,60.9319,has_cci,4.126035394279128,train
PA,"Change in Specification:
Providing , placing and fixing in position 25mm board of supreme make -CAPCELL HD100  at all expansion joints and separation joints at all levels and wherever specified to the required sizes, shapes, etc., complete.",change in specification providing placing and fixing in position board of supreme make capcell hd100 at all expansion joints and separation joints at all levels and wherever specified to the required sizes shapes etc complete,m2,350.0,878.6,concrete,M35,26.7225,kgCO2e/m2,32.8787,has_cci,3.52278649832749,train
PA,Providing & laying Plumbing Groove Packing with Cement Mortar 1:4 mixing. Rate shall remain intact for all width & depth of grooves for all levels. Location - Toilets & Utility.,providing laying plumbing groove packing with cement mortar 1 4 mixing rate shall remain intact for all width depth of grooves for all levels location toilets utility,m,38410.29,73.0,mortar,,0.208,kgCO2e/kg_per_kg_review,350.9615,has_cci,5.863521794616216,train
PA,2.4 M Length,2 4 m length,m2,1921.0,11624.635866736076,concrete,M10,17.46,kgCO2e/m2,665.7867,has_cci,6.502470204666917,train
PA,3.05 M Length,3 05 m length,m2,498.0,11926.745983935743,concrete,M10,17.46,kgCO2e/m2,683.0897,has_cci,6.528089049375284,train
PA,3.35 M Length,3 35 m length,m2,547.0,11762.198354661792,concrete,M10,17.46,kgCO2e/m2,673.6654,has_cci,6.514216864267128,train
PA,"Supplying, providing, fabricating and erecting Structural  steel  members in position at all levels and at all heights as specified in the drawing made out of standard MS section conforming to IS 226/2062/800.  Cost to include fabricating necessary Gusset Plates, Stiffener Plates, Chequered Plate, Brackets, Bolts, Cleats, seating angles, MS Plates, MS Grating and consumables etc., to the required  size, shape, alignments etc, as per drawing,. The rate shall include for necessary anvhoring alignment to the walls and fixing on concrete bed, cost to include welding of members using structral welding electrodes as per IS 814/815/816, a coat of anti -corrosive primer (non falmmable) to the exposed surfaces, testing as per IS  7307 (PART 1) , necessary equipment, tools and tackles, staging , scaffolding required etc., complete. the rate to include two coats of enamel   paint over a coat of zinc chromate primer. Complete as per the drawing.
Location : Refuge slab @ T01-18F & 27F . BASIC Price : AS per contract. ",supplying providing fabricating and erecting structural steel members in position at all levels and at all heights as specified in the drawing made out of standard ms section conforming to is 226 2062 800 cost to include fabricating necessary gusset plates stiffener plates chequered plate brackets bolts cleats seating angles ms plates ms grating and consumables etc to the required size shape alignments etc as per drawing the rate shall include for necessary anvhoring alignment to the walls and fixing on concrete bed cost to include welding of members using structral welding electrodes as per is 814 815 816 a coat of anti corrosive primer non falmmable to the exposed surfaces testing as per is 7307 part 1 necessary equipment tools and tackles staging scaffolding required etc complete the rate to include two coats of enamel paint over a coat of zinc chromate primer complete as per the drawing location refuge slab t01 18f 27f basic price as per contract,ton,25.75053930288293,132792.8,steel,Fe500,1720.0,kgCO2e/ton,77.2051,has_cci,4.3593348628160085,train
PA,"Fire rated Intumescent/vermiculite paint( 2 Hrs Fire painting)
Supplying and applying light weight vermiculite gypsum/portland  cement based wet mix  spray to structural steel elements to get fire protected  up to 120 minutes , by certified applicator. Applied thickness to suit structural steel size and relevant Hp/A calculation. Subrate must be clean , dry and free from dust, or any other condition preventing good adhesion. Subrate shall be treated with adhesive key coat / primer  prior to spray application as required. The vermiculate spray material  used shall  pass all the the necessary testing criteria required foe fire rating as per the IBC/NBC/BS/AS/DIN/ASTM/  etc and shall be applied with necessary priming of the surface to get the attractive, monolithic, trovelled finish which  is durable and economical. The treated surface shall be with amonolithic spary with hydraulic set and trovelled finish  with no cracks or delamination's, no erosion,  no spalling etc and des not promote corrosion of steel . Rate to include  for scaffolding & all as directed by  consultant/EIC.     ",fire rated intumescent vermiculite paint 2 hrs fire painting supplying and applying light weight vermiculite gypsum portland cement based wet mix spray to structural steel elements to get fire protected up to 120 minutes by certified applicator applied thickness to suit structural steel size and relevant hp a calculation subrate must be clean dry and free from dust or any other condition preventing good adhesion subrate shall be treated with adhesive key coat primer prior to spray application as required the vermiculate spray material used shall pass all the the necessary testing criteria required foe fire rating as per the ibc nbc bs as din astm etc and shall be applied with necessary priming of the surface to get the attractive monolithic trovelled finish which is durable and economical the treated surface shall be with amonolithic spary with hydraulic set and trovelled finish with no cracks or delamination s no erosion no spalling etc and des not promote corrosion of steel rate to include for scaffolding all as directed by consultant eic,m2,5778.0,224.82506666666663,steel,Fe500,1.72,kgCO2e/kg_per_kg_review,130.7122,has_cci,4.880619239234906,train
PA,12mm Dia Rebar,dia rebar,nos,72.0,500.0,steel,Fe500,1.72,kgCO2e/kg,290.6977,has_cci,5.675717992029426,train
PA,16mm Dia Rebar,dia rebar,nos,82.0,600.0,steel,Fe500,1.72,kgCO2e/kg,348.8372,has_cci,5.85746790341382,train
PA,"Drilling of 280mm dia bore hole at all kinds of strata upto 12 mtr depth 1000mm c/c with specified deign spacing. Cost is inclusive of tools and tackles, complete as directed by EIC",drilling of dia bore hole at all kinds of strata upto depth c c with specified deign spacing cost is inclusive of tools and tackles complete as directed by eic,m,817.45,1028.5,paint,,2.152,kgCO2e/kg_per_kg_review,477.9275,has_cci,6.171549228961553,train
PA,Grouting of annular space of the micro pile using cement with non shrink adhesive etc.. (Including cost of Material).,grouting of annular space of the micro pile using cement with non shrink adhesive etc including cost of material,m,412.5,704.0,paint,,2.152,kgCO2e/kg_per_kg_review,327.1375,has_cci,5.793432727858378,train
PA,Laying of M-20 grade Concrete for Micro pile inside complete. Site Mix/RMC.,laying of m 20 grade concrete for micro pile inside complete site mix rmc,m3,25.05,7040.0,concrete,M20,284.9,kgCO2e/m3,24.7104,has_cci,3.2468955793053516,train
PA,Shortcrete:Providing and laying of 50mm thk shotcrete with 1:2:1 grout (as per IS 9012) by fastening 50x50x2.8 mm MS weld mesh with as specified in dwg etc… Complete as directed by the EIC,shortcrete providing and laying of thk shotcrete with 1 2 1 grout as per is 9012 by fastening 50x50x2 ms weld mesh with as specified in dwg etc complete as directed by the eic,m2,1821.51,1397.0,concrete,M20,14.245,kgCO2e/m2,98.0695,has_cci,4.595821624035693,train
PA,Basement - 2 (for Basement beyond Tower),basement 2 for basement beyond tower,m3,405.0,5584.0,concrete,M25,301.8,kgCO2e/m3,18.5023,has_cci,2.970532407332247,train
PA,Basement - 1 (for Basement beyond Tower),basement 1 for basement beyond tower,m3,405.0,5584.0,concrete,M25,301.8,kgCO2e/m3,18.5023,has_cci,2.970532407332247,train
